"","Participant.ID","Timestamp","Center","Left","Right","Answer","Alg.Label","Response.Time..s.","Participant.ID.sub","Condition","Session"
"1","c09f4cf830b5dcf5b8ed1686292d6a_p011","2017-01-01 07:35:01.01","cow.jpg","owl.jpg","bird.jpg","bird.jpg","UncertaintySampling","5.573","p011","middle","middle"
"2","c09f4cf830b5dcf5b8ed1686292d6a_p011","2017-01-01 07:35:01.01","rooster.jpg","bird.jpg","zebra.jpg","bird.jpg","UncertaintySampling","3.51","p011","middle","middle"
"3","c09f4cf830b5dcf5b8ed1686292d6a_p011","2017-01-01 07:35:01.01","giraffe.jpg","penguin.jpg","elephant.jpg","elephant.jpg","UncertaintySampling","4.298","p011","middle","middle"
"4","c09f4cf830b5dcf5b8ed1686292d6a_p011","2017-01-01 07:35:01.01","ostrich.jpg","owl.jpg","elephant.jpg","owl.jpg","UncertaintySampling","4.513","p011","middle","middle"
"5","c09f4cf830b5dcf5b8ed1686292d6a_p011","2017-01-01 07:35:01.01","monkey.jpg","rooster.jpg","elephant.jpg","elephant.jpg","UncertaintySampling","4.016","p011","middle","middle"
"6","c09f4cf830b5dcf5b8ed1686292d6a_p011","2017-01-01 07:35:01.01","bird.jpg","giraffe.jpg","monkey.jpg","monkey.jpg","UncertaintySampling","5.274","p011","middle","middle"
"7","c09f4cf830b5dcf5b8ed1686292d6a_p011","2017-01-01 07:35:01.01","raccoon.jpg","cow.jpg","swan.jpg","swan.jpg","RandomSampling","3.817","p011","middle","middle"
"8","c09f4cf830b5dcf5b8ed1686292d6a_p011","2017-01-01 07:35:01.01","rooster.jpg","ostrich.jpg","owl.jpg","ostrich.jpg","RandomSampling","3.866","p011","middle","middle"
"9","c09f4cf830b5dcf5b8ed1686292d6a_p011","2017-01-01 07:35:01.01","owl.jpg","ostrich.jpg","zebra.jpg","ostrich.jpg","UncertaintySampling","3.49","p011","middle","middle"
"10","c09f4cf830b5dcf5b8ed1686292d6a_p011","2017-01-01 07:35:01.01","ostrich.jpg","swan.jpg","pig.jpg","swan.jpg","UncertaintySampling","1.897","p011","middle","middle"
"11","c09f4cf830b5dcf5b8ed1686292d6a_p011","2017-01-01 07:35:01.01","duck.jpg","penguin.jpg","raccoon.jpg","penguin.jpg","UncertaintySampling","2.978","p011","middle","middle"
"12","c09f4cf830b5dcf5b8ed1686292d6a_p011","2017-01-01 07:35:01.01","bird.jpg","owl.jpg","duck.jpg","duck.jpg","UncertaintySampling","3.251","p011","middle","middle"
"13","c09f4cf830b5dcf5b8ed1686292d6a_p011","2017-01-01 07:35:01.01","raccoon.jpg","duck.jpg","cow.jpg","cow.jpg","UncertaintySampling","3.177","p011","middle","middle"
"14","c09f4cf830b5dcf5b8ed1686292d6a_p011","2017-01-01 07:35:01.01","swan.jpg","elephant.jpg","owl.jpg","owl.jpg","UncertaintySampling","2.958","p011","middle","middle"
"15","c09f4cf830b5dcf5b8ed1686292d6a_p011","2017-01-01 07:35:01.01","rooster.jpg","bird.jpg","pig.jpg","bird.jpg","UncertaintySampling","3.324","p011","middle","middle"
"16","c09f4cf830b5dcf5b8ed1686292d6a_p011","2017-01-01 07:35:01.01","giraffe.jpg","rooster.jpg","bird.jpg","rooster.jpg","UncertaintySampling","3.717","p011","middle","middle"
"17","c09f4cf830b5dcf5b8ed1686292d6a_p011","2017-01-01 07:35:01.01","penguin.jpg","zebra.jpg","raccoon.jpg","raccoon.jpg","UncertaintySampling","4.799","p011","middle","middle"
"18","c09f4cf830b5dcf5b8ed1686292d6a_p011","2017-01-01 07:35:01.01","squirrel.jpg","raccoon.jpg","owl.jpg","raccoon.jpg","RandomSampling","3.578","p011","middle","middle"
"19","c09f4cf830b5dcf5b8ed1686292d6a_p011","2017-01-01 07:35:01.01","swan.jpg","giraffe.jpg","rooster.jpg","rooster.jpg","UncertaintySampling","3.385","p011","middle","middle"
"20","c09f4cf830b5dcf5b8ed1686292d6a_p011","2017-01-01 07:35:01.01","giraffe.jpg","duck.jpg","peacock.jpg","peacock.jpg","RandomSampling","5.464","p011","middle","middle"
"21","c09f4cf830b5dcf5b8ed1686292d6a_p011","2017-01-01 07:35:01.01","elephant.jpg","raccoon.jpg","pig.jpg","pig.jpg","UncertaintySampling","4.953","p011","middle","middle"
"22","c09f4cf830b5dcf5b8ed1686292d6a_p011","2017-01-01 07:35:01.01","pig.jpg","peacock.jpg","raccoon.jpg","raccoon.jpg","UncertaintySampling","4.007","p011","middle","middle"
"23","c09f4cf830b5dcf5b8ed1686292d6a_p011","2017-01-01 07:35:01.01","ostrich.jpg","zebra.jpg","cow.jpg","cow.jpg","UncertaintySampling","4.571","p011","middle","middle"
"24","c09f4cf830b5dcf5b8ed1686292d6a_p011","2017-01-01 07:35:01.01","duck.jpg","elephant.jpg","peacock.jpg","peacock.jpg","RandomSampling","3.45","p011","middle","middle"
"25","c09f4cf830b5dcf5b8ed1686292d6a_p012","2017-01-01 07:35:01.01","owl.jpg","giraffe.jpg","peacock.jpg","peacock.jpg","UncertaintySampling","6.162","p012","middle","middle"
"26","c09f4cf830b5dcf5b8ed1686292d6a_p012","2017-01-01 07:35:01.01","peacock.jpg","cow.jpg","ostrich.jpg","ostrich.jpg","RandomSampling","4.281","p012","middle","middle"
"27","c09f4cf830b5dcf5b8ed1686292d6a_p012","2017-01-01 07:35:01.01","bird.jpg","elephant.jpg","cow.jpg","elephant.jpg","UncertaintySampling","4.598","p012","middle","middle"
"28","c09f4cf830b5dcf5b8ed1686292d6a_p012","2017-01-01 07:35:01.01","peacock.jpg","pig.jpg","zebra.jpg","zebra.jpg","UncertaintySampling","5.1","p012","middle","middle"
"29","c09f4cf830b5dcf5b8ed1686292d6a_p012","2017-01-01 07:35:01.01","penguin.jpg","raccoon.jpg","cow.jpg","raccoon.jpg","UncertaintySampling","5.608","p012","middle","middle"
"30","c09f4cf830b5dcf5b8ed1686292d6a_p012","2017-01-01 07:35:01.01","elephant.jpg","monkey.jpg","bird.jpg","monkey.jpg","RandomSampling","3.701","p012","middle","middle"
"31","c09f4cf830b5dcf5b8ed1686292d6a_p012","2017-01-01 07:35:01.01","monkey.jpg","ostrich.jpg","bird.jpg","bird.jpg","RandomSampling","4.156","p012","middle","middle"
"32","c09f4cf830b5dcf5b8ed1686292d6a_p012","2017-01-01 07:35:01.01","ostrich.jpg","duck.jpg","owl.jpg","owl.jpg","UncertaintySampling","4.113","p012","middle","middle"
"33","c09f4cf830b5dcf5b8ed1686292d6a_p012","2017-01-01 07:35:01.01","pig.jpg","ostrich.jpg","zebra.jpg","ostrich.jpg","UncertaintySampling","3.349","p012","middle","middle"
"34","c09f4cf830b5dcf5b8ed1686292d6a_p012","2017-01-01 07:35:01.01","duck.jpg","bird.jpg","swan.jpg","swan.jpg","UncertaintySampling","3.391","p012","middle","middle"
"35","c09f4cf830b5dcf5b8ed1686292d6a_p012","2017-01-01 07:35:01.01","cow.jpg","monkey.jpg","penguin.jpg","penguin.jpg","UncertaintySampling","6.55","p012","middle","middle"
"36","c09f4cf830b5dcf5b8ed1686292d6a_p012","2017-01-01 07:35:01.01","owl.jpg","pig.jpg","penguin.jpg","penguin.jpg","RandomSampling","4.088","p012","middle","middle"
"37","c09f4cf830b5dcf5b8ed1686292d6a_p012","2017-01-01 07:35:01.01","elephant.jpg","peacock.jpg","pig.jpg","pig.jpg","RandomSampling","3.263","p012","middle","middle"
"38","c09f4cf830b5dcf5b8ed1686292d6a_p012","2017-01-01 07:35:01.01","elephant.jpg","rooster.jpg","bird.jpg","bird.jpg","RandomSampling","3.304","p012","middle","middle"
"39","c09f4cf830b5dcf5b8ed1686292d6a_p012","2017-01-01 07:35:01.01","rooster.jpg","pig.jpg","elephant.jpg","pig.jpg","UncertaintySampling","2.824","p012","middle","middle"
"40","c09f4cf830b5dcf5b8ed1686292d6a_p012","2017-01-01 07:35:01.01","duck.jpg","owl.jpg","pig.jpg","owl.jpg","UncertaintySampling","3.636","p012","middle","middle"
"41","c09f4cf830b5dcf5b8ed1686292d6a_p012","2017-01-01 07:35:01.01","duck.jpg","cow.jpg","penguin.jpg","penguin.jpg","UncertaintySampling","3.806","p012","middle","middle"
"42","c09f4cf830b5dcf5b8ed1686292d6a_p012","2017-01-01 07:35:01.01","monkey.jpg","elephant.jpg","duck.jpg","elephant.jpg","UncertaintySampling","3.232","p012","middle","middle"
"43","c09f4cf830b5dcf5b8ed1686292d6a_p012","2017-01-01 07:35:01.01","rooster.jpg","monkey.jpg","swan.jpg","swan.jpg","UncertaintySampling","2.671","p012","middle","middle"
"44","c09f4cf830b5dcf5b8ed1686292d6a_p012","2017-01-01 07:35:01.01","duck.jpg","bird.jpg","giraffe.jpg","bird.jpg","UncertaintySampling","2.952","p012","middle","middle"
"45","c09f4cf830b5dcf5b8ed1686292d6a_p012","2017-01-01 07:35:01.01","penguin.jpg","owl.jpg","swan.jpg","swan.jpg","UncertaintySampling","2.615","p012","middle","middle"
"46","c09f4cf830b5dcf5b8ed1686292d6a_p012","2017-01-01 07:35:01.01","peacock.jpg","raccoon.jpg","duck.jpg","raccoon.jpg","UncertaintySampling","2.896","p012","middle","middle"
"47","c09f4cf830b5dcf5b8ed1686292d6a_p012","2017-01-01 07:35:01.01","squirrel.jpg","peacock.jpg","raccoon.jpg","raccoon.jpg","UncertaintySampling","2.939","p012","middle","middle"
"48","c09f4cf830b5dcf5b8ed1686292d6a_p012","2017-01-01 07:35:01.01","elephant.jpg","penguin.jpg","bird.jpg","penguin.jpg","RandomSampling","3.194","p012","middle","middle"
"49","c09f4cf830b5dcf5b8ed1686292d6a_p012","2017-01-01 07:35:01.01","bird.jpg","zebra.jpg","ostrich.jpg","ostrich.jpg","UncertaintySampling","2.917","p012","middle","middle"
"50","c09f4cf830b5dcf5b8ed1686292d6a_p014","2017-01-01 07:35:01.01","monkey.jpg","giraffe.jpg","swan.jpg","swan.jpg","UncertaintySampling","6.979","p014","middle","middle"
"51","c09f4cf830b5dcf5b8ed1686292d6a_p014","2017-01-01 07:35:01.01","penguin.jpg","cow.jpg","giraffe.jpg","cow.jpg","RandomSampling","4.505","p014","middle","middle"
"52","c09f4cf830b5dcf5b8ed1686292d6a_p014","2017-01-01 07:35:01.01","zebra.jpg","raccoon.jpg","penguin.jpg","penguin.jpg","UncertaintySampling","3.923","p014","middle","middle"
"53","c09f4cf830b5dcf5b8ed1686292d6a_p014","2017-01-01 07:35:01.01","monkey.jpg","swan.jpg","squirrel.jpg","squirrel.jpg","UncertaintySampling","3.282","p014","middle","middle"
"54","c09f4cf830b5dcf5b8ed1686292d6a_p014","2017-01-01 07:35:01.01","monkey.jpg","owl.jpg","ostrich.jpg","ostrich.jpg","UncertaintySampling","3.137","p014","middle","middle"
"55","c09f4cf830b5dcf5b8ed1686292d6a_p014","2017-01-01 07:35:01.01","zebra.jpg","squirrel.jpg","peacock.jpg","peacock.jpg","UncertaintySampling","2.945","p014","middle","middle"
"56","c09f4cf830b5dcf5b8ed1686292d6a_p014","2017-01-01 07:35:01.01","elephant.jpg","owl.jpg","raccoon.jpg","owl.jpg","UncertaintySampling","3.961","p014","middle","middle"
"57","c09f4cf830b5dcf5b8ed1686292d6a_p014","2017-01-01 07:35:01.01","cow.jpg","squirrel.jpg","owl.jpg","owl.jpg","UncertaintySampling","2.306","p014","middle","middle"
"58","c09f4cf830b5dcf5b8ed1686292d6a_p014","2017-01-01 07:35:01.01","raccoon.jpg","squirrel.jpg","rooster.jpg","rooster.jpg","UncertaintySampling","2.505","p014","middle","middle"
"59","c09f4cf830b5dcf5b8ed1686292d6a_p014","2017-01-01 07:35:01.01","raccoon.jpg","ostrich.jpg","monkey.jpg","monkey.jpg","UncertaintySampling","3.205","p014","middle","middle"
"60","c09f4cf830b5dcf5b8ed1686292d6a_p014","2017-01-01 07:35:01.01","peacock.jpg","owl.jpg","rooster.jpg","owl.jpg","UncertaintySampling","2.226","p014","middle","middle"
"61","c09f4cf830b5dcf5b8ed1686292d6a_p014","2017-01-01 07:35:01.01","ostrich.jpg","rooster.jpg","owl.jpg","owl.jpg","RandomSampling","4.029","p014","middle","middle"
"62","c09f4cf830b5dcf5b8ed1686292d6a_p014","2017-01-01 07:35:01.01","squirrel.jpg","rooster.jpg","duck.jpg","duck.jpg","UncertaintySampling","2.194","p014","middle","middle"
"63","c09f4cf830b5dcf5b8ed1686292d6a_p014","2017-01-01 07:35:01.01","giraffe.jpg","duck.jpg","raccoon.jpg","raccoon.jpg","UncertaintySampling","2.293","p014","middle","middle"
"64","c09f4cf830b5dcf5b8ed1686292d6a_p014","2017-01-01 07:35:01.01","rooster.jpg","pig.jpg","penguin.jpg","penguin.jpg","UncertaintySampling","1.965","p014","middle","middle"
"65","c09f4cf830b5dcf5b8ed1686292d6a_p014","2017-01-01 07:35:01.01","giraffe.jpg","raccoon.jpg","cow.jpg","cow.jpg","UncertaintySampling","2.322","p014","middle","middle"
"66","c09f4cf830b5dcf5b8ed1686292d6a_p014","2017-01-01 07:35:01.01","cow.jpg","duck.jpg","zebra.jpg","zebra.jpg","RandomSampling","2.137","p014","middle","middle"
"67","c09f4cf830b5dcf5b8ed1686292d6a_p014","2017-01-01 07:35:01.01","squirrel.jpg","cow.jpg","swan.jpg","swan.jpg","UncertaintySampling","2.494","p014","middle","middle"
"68","c09f4cf830b5dcf5b8ed1686292d6a_p014","2017-01-01 07:35:01.01","squirrel.jpg","ostrich.jpg","zebra.jpg","zebra.jpg","UncertaintySampling","2.951","p014","middle","middle"
"69","c09f4cf830b5dcf5b8ed1686292d6a_p014","2017-01-01 07:35:01.01","raccoon.jpg","owl.jpg","pig.jpg","pig.jpg","UncertaintySampling","4.226","p014","middle","middle"
"70","c09f4cf830b5dcf5b8ed1686292d6a_p014","2017-01-01 07:35:01.01","owl.jpg","swan.jpg","giraffe.jpg","giraffe.jpg","UncertaintySampling","4.308","p014","middle","middle"
"71","c09f4cf830b5dcf5b8ed1686292d6a_p014","2017-01-01 07:35:01.01","peacock.jpg","ostrich.jpg","zebra.jpg","ostrich.jpg","RandomSampling","2.222","p014","middle","middle"
"72","c09f4cf830b5dcf5b8ed1686292d6a_p014","2017-01-01 07:35:01.01","giraffe.jpg","bird.jpg","pig.jpg","pig.jpg","RandomSampling","2.784","p014","middle","middle"
"73","c09f4cf830b5dcf5b8ed1686292d6a_p014","2017-01-01 07:35:01.01","peacock.jpg","raccoon.jpg","monkey.jpg","raccoon.jpg","UncertaintySampling","3.168","p014","middle","middle"
"74","c09f4cf830b5dcf5b8ed1686292d6a_p014","2017-01-01 07:35:01.01","bird.jpg","pig.jpg","giraffe.jpg","giraffe.jpg","UncertaintySampling","2.23","p014","middle","middle"
"75","c09f4cf830b5dcf5b8ed1686292d6a_p015","2017-01-01 07:35:01.01","owl.jpg","elephant.jpg","raccoon.jpg","raccoon.jpg","UncertaintySampling","4.892","p015","middle","middle"
"76","c09f4cf830b5dcf5b8ed1686292d6a_p015","2017-01-01 07:35:01.01","elephant.jpg","bird.jpg","penguin.jpg","penguin.jpg","UncertaintySampling","5.669","p015","middle","middle"
"77","c09f4cf830b5dcf5b8ed1686292d6a_p015","2017-01-01 07:35:01.01","peacock.jpg","penguin.jpg","giraffe.jpg","penguin.jpg","UncertaintySampling","3.457","p015","middle","middle"
"78","c09f4cf830b5dcf5b8ed1686292d6a_p015","2017-01-01 07:35:01.01","zebra.jpg","duck.jpg","monkey.jpg","monkey.jpg","UncertaintySampling","5.373","p015","middle","middle"
"79","c09f4cf830b5dcf5b8ed1686292d6a_p015","2017-01-01 07:35:01.01","rooster.jpg","squirrel.jpg","giraffe.jpg","giraffe.jpg","UncertaintySampling","3.964","p015","middle","middle"
"80","c09f4cf830b5dcf5b8ed1686292d6a_p015","2017-01-01 07:35:01.01","peacock.jpg","rooster.jpg","duck.jpg","rooster.jpg","UncertaintySampling","2.049","p015","middle","middle"
"81","c09f4cf830b5dcf5b8ed1686292d6a_p015","2017-01-01 07:35:01.01","swan.jpg","raccoon.jpg","duck.jpg","duck.jpg","UncertaintySampling","2.786","p015","middle","middle"
"82","c09f4cf830b5dcf5b8ed1686292d6a_p015","2017-01-01 07:35:01.01","raccoon.jpg","bird.jpg","zebra.jpg","bird.jpg","UncertaintySampling","5.028","p015","middle","middle"
"83","c09f4cf830b5dcf5b8ed1686292d6a_p015","2017-01-01 07:35:01.01","owl.jpg","ostrich.jpg","pig.jpg","ostrich.jpg","UncertaintySampling","4.352","p015","middle","middle"
"84","c09f4cf830b5dcf5b8ed1686292d6a_p015","2017-01-01 07:35:01.01","ostrich.jpg","pig.jpg","bird.jpg","bird.jpg","RandomSampling","3.927","p015","middle","middle"
"85","c09f4cf830b5dcf5b8ed1686292d6a_p015","2017-01-01 07:35:01.01","zebra.jpg","giraffe.jpg","peacock.jpg","giraffe.jpg","UncertaintySampling","3.534","p015","middle","middle"
"86","c09f4cf830b5dcf5b8ed1686292d6a_p015","2017-01-01 07:35:01.01","cow.jpg","ostrich.jpg","raccoon.jpg","raccoon.jpg","UncertaintySampling","4.59","p015","middle","middle"
"87","c09f4cf830b5dcf5b8ed1686292d6a_p015","2017-01-01 07:35:01.01","penguin.jpg","elephant.jpg","pig.jpg","elephant.jpg","UncertaintySampling","2.56","p015","middle","middle"
"88","c09f4cf830b5dcf5b8ed1686292d6a_p015","2017-01-01 07:35:01.01","zebra.jpg","raccoon.jpg","owl.jpg","raccoon.jpg","UncertaintySampling","2.282","p015","middle","middle"
"89","c09f4cf830b5dcf5b8ed1686292d6a_p015","2017-01-01 07:35:01.01","cow.jpg","bird.jpg","squirrel.jpg","bird.jpg","UncertaintySampling","4.826","p015","middle","middle"
"90","c09f4cf830b5dcf5b8ed1686292d6a_p015","2017-01-01 07:35:01.01","pig.jpg","zebra.jpg","ostrich.jpg","ostrich.jpg","UncertaintySampling","3.606","p015","middle","middle"
"91","c09f4cf830b5dcf5b8ed1686292d6a_p015","2017-01-01 07:35:01.01","elephant.jpg","zebra.jpg","monkey.jpg","monkey.jpg","UncertaintySampling","4.344","p015","middle","middle"
"92","c09f4cf830b5dcf5b8ed1686292d6a_p015","2017-01-01 07:35:01.01","pig.jpg","duck.jpg","penguin.jpg","penguin.jpg","UncertaintySampling","4.932","p015","middle","middle"
"93","c09f4cf830b5dcf5b8ed1686292d6a_p015","2017-01-01 07:35:01.01","giraffe.jpg","squirrel.jpg","duck.jpg","squirrel.jpg","UncertaintySampling","3.592","p015","middle","middle"
"94","c09f4cf830b5dcf5b8ed1686292d6a_p015","2017-01-01 07:35:01.01","owl.jpg","penguin.jpg","pig.jpg","penguin.jpg","RandomSampling","3.587","p015","middle","middle"
"95","c09f4cf830b5dcf5b8ed1686292d6a_p015","2017-01-01 07:35:01.01","ostrich.jpg","rooster.jpg","owl.jpg","rooster.jpg","UncertaintySampling","5.097","p015","middle","middle"
"96","c09f4cf830b5dcf5b8ed1686292d6a_p015","2017-01-01 07:35:01.01","swan.jpg","ostrich.jpg","elephant.jpg","ostrich.jpg","UncertaintySampling","3.032","p015","middle","middle"
"97","c09f4cf830b5dcf5b8ed1686292d6a_p015","2017-01-01 07:35:01.01","squirrel.jpg","monkey.jpg","owl.jpg","monkey.jpg","UncertaintySampling","3.652","p015","middle","middle"
"98","c09f4cf830b5dcf5b8ed1686292d6a_p015","2017-01-01 07:35:01.01","swan.jpg","raccoon.jpg","penguin.jpg","penguin.jpg","UncertaintySampling","3.392","p015","middle","middle"
"99","c09f4cf830b5dcf5b8ed1686292d6a_p017","2017-01-01 07:35:01.01","elephant.jpg","cow.jpg","giraffe.jpg","giraffe.jpg","UncertaintySampling","7.13","p017","middle","middle"
"100","c09f4cf830b5dcf5b8ed1686292d6a_p017","2017-01-01 07:35:01.01","squirrel.jpg","monkey.jpg","giraffe.jpg","monkey.jpg","UncertaintySampling","4.885","p017","middle","middle"
"101","c09f4cf830b5dcf5b8ed1686292d6a_p017","2017-01-01 07:35:01.01","duck.jpg","squirrel.jpg","cow.jpg","squirrel.jpg","UncertaintySampling","5.354","p017","middle","middle"
"102","c09f4cf830b5dcf5b8ed1686292d6a_p017","2017-01-01 07:35:01.01","swan.jpg","giraffe.jpg","squirrel.jpg","squirrel.jpg","UncertaintySampling","7.128","p017","middle","middle"
"103","c09f4cf830b5dcf5b8ed1686292d6a_p017","2017-01-01 07:35:01.01","penguin.jpg","squirrel.jpg","monkey.jpg","squirrel.jpg","UncertaintySampling","4.73","p017","middle","middle"
"104","c09f4cf830b5dcf5b8ed1686292d6a_p017","2017-01-01 07:35:01.01","pig.jpg","penguin.jpg","cow.jpg","cow.jpg","UncertaintySampling","2.747","p017","middle","middle"
"105","c09f4cf830b5dcf5b8ed1686292d6a_p017","2017-01-01 07:35:01.01","owl.jpg","squirrel.jpg","duck.jpg","duck.jpg","UncertaintySampling","3.531","p017","middle","middle"
"106","c09f4cf830b5dcf5b8ed1686292d6a_p017","2017-01-01 07:35:01.01","owl.jpg","raccoon.jpg","duck.jpg","raccoon.jpg","RandomSampling","3.832","p017","middle","middle"
"107","c09f4cf830b5dcf5b8ed1686292d6a_p017","2017-01-01 07:35:01.01","cow.jpg","giraffe.jpg","penguin.jpg","giraffe.jpg","UncertaintySampling","5.089","p017","middle","middle"
"108","c09f4cf830b5dcf5b8ed1686292d6a_p017","2017-01-01 07:35:01.01","raccoon.jpg","giraffe.jpg","swan.jpg","swan.jpg","UncertaintySampling","4.978","p017","middle","middle"
"109","c09f4cf830b5dcf5b8ed1686292d6a_p017","2017-01-01 07:35:01.01","pig.jpg","raccoon.jpg","rooster.jpg","rooster.jpg","UncertaintySampling","2.207","p017","middle","middle"
"110","c09f4cf830b5dcf5b8ed1686292d6a_p017","2017-01-01 07:35:01.01","monkey.jpg","bird.jpg","ostrich.jpg","ostrich.jpg","RandomSampling","5.841","p017","middle","middle"
"111","c09f4cf830b5dcf5b8ed1686292d6a_p017","2017-01-01 07:35:01.01","zebra.jpg","penguin.jpg","raccoon.jpg","raccoon.jpg","UncertaintySampling","3.493","p017","middle","middle"
"112","c09f4cf830b5dcf5b8ed1686292d6a_p017","2017-01-01 07:35:01.01","penguin.jpg","rooster.jpg","monkey.jpg","rooster.jpg","UncertaintySampling","4.814","p017","middle","middle"
"113","c09f4cf830b5dcf5b8ed1686292d6a_p017","2017-01-01 07:35:01.01","monkey.jpg","ostrich.jpg","pig.jpg","ostrich.jpg","UncertaintySampling","4.574","p017","middle","middle"
"114","c09f4cf830b5dcf5b8ed1686292d6a_p017","2017-01-01 07:35:01.01","giraffe.jpg","pig.jpg","elephant.jpg","elephant.jpg","UncertaintySampling","4.133","p017","middle","middle"
"115","c09f4cf830b5dcf5b8ed1686292d6a_p017","2017-01-01 07:35:01.01","ostrich.jpg","cow.jpg","swan.jpg","swan.jpg","UncertaintySampling","4.846","p017","middle","middle"
"116","c09f4cf830b5dcf5b8ed1686292d6a_p017","2017-01-01 07:35:01.01","giraffe.jpg","squirrel.jpg","penguin.jpg","penguin.jpg","UncertaintySampling","4.171","p017","middle","middle"
"117","c09f4cf830b5dcf5b8ed1686292d6a_p017","2017-01-01 07:35:01.01","swan.jpg","raccoon.jpg","ostrich.jpg","ostrich.jpg","UncertaintySampling","2.89","p017","middle","middle"
"118","c09f4cf830b5dcf5b8ed1686292d6a_p017","2017-01-01 07:35:01.01","swan.jpg","raccoon.jpg","ostrich.jpg","ostrich.jpg","UncertaintySampling","6.647","p017","middle","middle"
"119","c09f4cf830b5dcf5b8ed1686292d6a_p017","2017-01-01 07:35:01.01","cow.jpg","elephant.jpg","raccoon.jpg","raccoon.jpg","UncertaintySampling","5.395","p017","middle","middle"
"120","c09f4cf830b5dcf5b8ed1686292d6a_p017","2017-01-01 07:35:01.01","cow.jpg","raccoon.jpg","elephant.jpg","elephant.jpg","UncertaintySampling","5.306","p017","middle","middle"
"121","c09f4cf830b5dcf5b8ed1686292d6a_p017","2017-01-01 07:35:01.01","giraffe.jpg","bird.jpg","squirrel.jpg","bird.jpg","UncertaintySampling","4.523","p017","middle","middle"
"122","c09f4cf830b5dcf5b8ed1686292d6a_p017","2017-01-01 07:35:01.01","ostrich.jpg","monkey.jpg","pig.jpg","monkey.jpg","UncertaintySampling","2.703","p017","middle","middle"
"123","c09f4cf830b5dcf5b8ed1686292d6a_p017","2017-01-01 07:35:01.01","elephant.jpg","owl.jpg","ostrich.jpg","ostrich.jpg","UncertaintySampling","6.27","p017","middle","middle"
"124","c09f4cf830b5dcf5b8ed1686292d6a_p021","2017-01-01 07:35:01.01","bird.jpg","zebra.jpg","pig.jpg","pig.jpg","RandomSampling","6.851","p021","middle","middle"
"125","c09f4cf830b5dcf5b8ed1686292d6a_p021","2017-01-01 07:35:01.01","peacock.jpg","giraffe.jpg","pig.jpg","pig.jpg","UncertaintySampling","4.575","p021","middle","middle"
"126","c09f4cf830b5dcf5b8ed1686292d6a_p021","2017-01-01 07:35:01.01","peacock.jpg","giraffe.jpg","pig.jpg","giraffe.jpg","UncertaintySampling","3.651","p021","middle","middle"
"127","c09f4cf830b5dcf5b8ed1686292d6a_p021","2017-01-01 07:35:01.01","owl.jpg","raccoon.jpg","peacock.jpg","raccoon.jpg","UncertaintySampling","3.407","p021","middle","middle"
"128","c09f4cf830b5dcf5b8ed1686292d6a_p021","2017-01-01 07:35:01.01","owl.jpg","raccoon.jpg","peacock.jpg","peacock.jpg","UncertaintySampling","3.678","p021","middle","middle"
"129","c09f4cf830b5dcf5b8ed1686292d6a_p021","2017-01-01 07:35:01.01","owl.jpg","peacock.jpg","raccoon.jpg","raccoon.jpg","UncertaintySampling","3.513","p021","middle","middle"
"130","c09f4cf830b5dcf5b8ed1686292d6a_p021","2017-01-01 07:35:01.01","duck.jpg","elephant.jpg","squirrel.jpg","squirrel.jpg","RandomSampling","4.927","p021","middle","middle"
"131","c09f4cf830b5dcf5b8ed1686292d6a_p021","2017-01-01 07:35:01.01","monkey.jpg","owl.jpg","zebra.jpg","zebra.jpg","RandomSampling","2.924","p021","middle","middle"
"132","c09f4cf830b5dcf5b8ed1686292d6a_p021","2017-01-01 07:35:01.01","owl.jpg","raccoon.jpg","peacock.jpg","peacock.jpg","UncertaintySampling","3.91","p021","middle","middle"
"133","c09f4cf830b5dcf5b8ed1686292d6a_p021","2017-01-01 07:35:01.01","squirrel.jpg","zebra.jpg","penguin.jpg","penguin.jpg","RandomSampling","2.342","p021","middle","middle"
"134","c09f4cf830b5dcf5b8ed1686292d6a_p021","2017-01-01 07:35:01.01","owl.jpg","raccoon.jpg","peacock.jpg","peacock.jpg","UncertaintySampling","16.071","p021","middle","middle"
"135","c09f4cf830b5dcf5b8ed1686292d6a_p021","2017-01-01 07:35:01.01","owl.jpg","peacock.jpg","raccoon.jpg","raccoon.jpg","UncertaintySampling","0.011","p021","middle","middle"
"136","c09f4cf830b5dcf5b8ed1686292d6a_p021","2017-01-01 07:35:01.01","owl.jpg","peacock.jpg","raccoon.jpg","raccoon.jpg","UncertaintySampling","6.391","p021","middle","middle"
"137","c09f4cf830b5dcf5b8ed1686292d6a_p021","2017-01-01 07:35:01.01","owl.jpg","raccoon.jpg","peacock.jpg","peacock.jpg","UncertaintySampling","4.934","p021","middle","middle"
"138","c09f4cf830b5dcf5b8ed1686292d6a_p021","2017-01-01 07:35:01.01","owl.jpg","peacock.jpg","raccoon.jpg","raccoon.jpg","UncertaintySampling","5.924","p021","middle","middle"
"139","c09f4cf830b5dcf5b8ed1686292d6a_p021","2017-01-01 07:35:01.01","owl.jpg","peacock.jpg","raccoon.jpg","raccoon.jpg","UncertaintySampling","4.206","p021","middle","middle"
"140","c09f4cf830b5dcf5b8ed1686292d6a_p021","2017-01-01 07:35:01.01","owl.jpg","raccoon.jpg","peacock.jpg","raccoon.jpg","UncertaintySampling","3.14","p021","middle","middle"
"141","c09f4cf830b5dcf5b8ed1686292d6a_p021","2017-01-01 07:35:01.01","zebra.jpg","pig.jpg","rooster.jpg","pig.jpg","RandomSampling","3.285","p021","middle","middle"
"142","c09f4cf830b5dcf5b8ed1686292d6a_p021","2017-01-01 07:35:01.01","raccoon.jpg","duck.jpg","squirrel.jpg","squirrel.jpg","UncertaintySampling","3.665","p021","middle","middle"
"143","c09f4cf830b5dcf5b8ed1686292d6a_p021","2017-01-01 07:35:01.01","raccoon.jpg","squirrel.jpg","duck.jpg","duck.jpg","UncertaintySampling","3.422","p021","middle","middle"
"144","c09f4cf830b5dcf5b8ed1686292d6a_p021","2017-01-01 07:35:01.01","raccoon.jpg","squirrel.jpg","duck.jpg","duck.jpg","UncertaintySampling","5.797","p021","middle","middle"
"145","c09f4cf830b5dcf5b8ed1686292d6a_p021","2017-01-01 07:35:01.01","raccoon.jpg","duck.jpg","squirrel.jpg","squirrel.jpg","UncertaintySampling","4.496","p021","middle","middle"
"146","c09f4cf830b5dcf5b8ed1686292d6a_p021","2017-01-01 07:35:01.01","peacock.jpg","giraffe.jpg","monkey.jpg","monkey.jpg","RandomSampling","5.558","p021","middle","middle"
"147","c09f4cf830b5dcf5b8ed1686292d6a_p021","2017-01-01 07:35:01.01","raccoon.jpg","squirrel.jpg","duck.jpg","duck.jpg","UncertaintySampling","3.968","p021","middle","middle"
"148","c09f4cf830b5dcf5b8ed1686292d6a_p021","2017-01-01 07:35:01.01","raccoon.jpg","duck.jpg","squirrel.jpg","squirrel.jpg","UncertaintySampling","2.941","p021","middle","middle"
"149","c09f4cf830b5dcf5b8ed1686292d6a_p023","2017-01-01 07:35:01.01","raccoon.jpg","duck.jpg","squirrel.jpg","duck.jpg","UncertaintySampling","7.371","p023","middle","middle"
"150","c09f4cf830b5dcf5b8ed1686292d6a_p023","2017-01-01 07:35:01.01","raccoon.jpg","squirrel.jpg","duck.jpg","squirrel.jpg","UncertaintySampling","3.277","p023","middle","middle"
"151","c09f4cf830b5dcf5b8ed1686292d6a_p023","2017-01-01 07:35:01.01","peacock.jpg","monkey.jpg","giraffe.jpg","giraffe.jpg","RandomSampling","3.707","p023","middle","middle"
"152","c09f4cf830b5dcf5b8ed1686292d6a_p023","2017-01-01 07:35:01.01","giraffe.jpg","rooster.jpg","cow.jpg","rooster.jpg","RandomSampling","3.144","p023","middle","middle"
"153","c09f4cf830b5dcf5b8ed1686292d6a_p023","2017-01-01 07:35:01.01","raccoon.jpg","duck.jpg","squirrel.jpg","squirrel.jpg","UncertaintySampling","2.719","p023","middle","middle"
"154","c09f4cf830b5dcf5b8ed1686292d6a_p023","2017-01-01 07:35:01.01","raccoon.jpg","duck.jpg","squirrel.jpg","squirrel.jpg","UncertaintySampling","6.18","p023","middle","middle"
"155","c09f4cf830b5dcf5b8ed1686292d6a_p023","2017-01-01 07:35:01.01","peacock.jpg","cow.jpg","duck.jpg","cow.jpg","RandomSampling","2.582","p023","middle","middle"
"156","c09f4cf830b5dcf5b8ed1686292d6a_p023","2017-01-01 07:35:01.01","penguin.jpg","raccoon.jpg","ostrich.jpg","ostrich.jpg","UncertaintySampling","2.961","p023","middle","middle"
"157","c09f4cf830b5dcf5b8ed1686292d6a_p023","2017-01-01 07:35:01.01","penguin.jpg","raccoon.jpg","ostrich.jpg","raccoon.jpg","UncertaintySampling","3.857","p023","middle","middle"
"158","c09f4cf830b5dcf5b8ed1686292d6a_p023","2017-01-01 07:35:01.01","penguin.jpg","raccoon.jpg","ostrich.jpg","ostrich.jpg","UncertaintySampling","4.691","p023","middle","middle"
"159","c09f4cf830b5dcf5b8ed1686292d6a_p023","2017-01-01 07:35:01.01","penguin.jpg","raccoon.jpg","ostrich.jpg","ostrich.jpg","UncertaintySampling","3.554","p023","middle","middle"
"160","c09f4cf830b5dcf5b8ed1686292d6a_p023","2017-01-01 07:35:01.01","penguin.jpg","raccoon.jpg","ostrich.jpg","ostrich.jpg","UncertaintySampling","5.223","p023","middle","middle"
"161","c09f4cf830b5dcf5b8ed1686292d6a_p023","2017-01-01 07:35:01.01","penguin.jpg","ostrich.jpg","raccoon.jpg","ostrich.jpg","UncertaintySampling","5.026","p023","middle","middle"
"162","c09f4cf830b5dcf5b8ed1686292d6a_p023","2017-01-01 07:35:01.01","penguin.jpg","raccoon.jpg","ostrich.jpg","raccoon.jpg","UncertaintySampling","2.612","p023","middle","middle"
"163","c09f4cf830b5dcf5b8ed1686292d6a_p023","2017-01-01 07:35:01.01","giraffe.jpg","rooster.jpg","raccoon.jpg","raccoon.jpg","UncertaintySampling","2.59","p023","middle","middle"
"164","c09f4cf830b5dcf5b8ed1686292d6a_p023","2017-01-01 07:35:01.01","pig.jpg","owl.jpg","raccoon.jpg","owl.jpg","UncertaintySampling","3.118","p023","middle","middle"
"165","c09f4cf830b5dcf5b8ed1686292d6a_p023","2017-01-01 07:35:01.01","swan.jpg","raccoon.jpg","monkey.jpg","monkey.jpg","UncertaintySampling","4.038","p023","middle","middle"
"166","c09f4cf830b5dcf5b8ed1686292d6a_p023","2017-01-01 07:35:01.01","swan.jpg","monkey.jpg","raccoon.jpg","raccoon.jpg","UncertaintySampling","1.953","p023","middle","middle"
"167","c09f4cf830b5dcf5b8ed1686292d6a_p023","2017-01-01 07:35:01.01","ostrich.jpg","raccoon.jpg","bird.jpg","bird.jpg","UncertaintySampling","2.166","p023","middle","middle"
"168","c09f4cf830b5dcf5b8ed1686292d6a_p023","2017-01-01 07:35:01.01","ostrich.jpg","raccoon.jpg","bird.jpg","bird.jpg","UncertaintySampling","2.863","p023","middle","middle"
"169","c09f4cf830b5dcf5b8ed1686292d6a_p023","2017-01-01 07:35:01.01","ostrich.jpg","raccoon.jpg","bird.jpg","bird.jpg","UncertaintySampling","1.267","p023","middle","middle"
"170","c09f4cf830b5dcf5b8ed1686292d6a_p023","2017-01-01 07:35:01.01","squirrel.jpg","rooster.jpg","owl.jpg","owl.jpg","RandomSampling","3.277","p023","middle","middle"
"171","c09f4cf830b5dcf5b8ed1686292d6a_p023","2017-01-01 07:35:01.01","raccoon.jpg","giraffe.jpg","swan.jpg","swan.jpg","UncertaintySampling","0.291","p023","middle","middle"
"172","c09f4cf830b5dcf5b8ed1686292d6a_p023","2017-01-01 07:35:01.01","raccoon.jpg","swan.jpg","giraffe.jpg","giraffe.jpg","UncertaintySampling","2.11","p023","middle","middle"
"173","c09f4cf830b5dcf5b8ed1686292d6a_p023","2017-01-01 07:35:01.01","ostrich.jpg","elephant.jpg","cow.jpg","elephant.jpg","RandomSampling","2.382","p023","middle","middle"
"174","c09f4cf830b5dcf5b8ed1686292d6a_p032","2017-01-01 07:35:01.01","ostrich.jpg","zebra.jpg","duck.jpg","duck.jpg","UncertaintySampling","9.769","p032","middle","middle"
"175","c09f4cf830b5dcf5b8ed1686292d6a_p032","2017-01-01 07:35:01.01","ostrich.jpg","zebra.jpg","duck.jpg","zebra.jpg","UncertaintySampling","6.451","p032","middle","middle"
"176","c09f4cf830b5dcf5b8ed1686292d6a_p032","2017-01-01 07:35:01.01","ostrich.jpg","duck.jpg","zebra.jpg","zebra.jpg","UncertaintySampling","16.237","p032","middle","middle"
"177","c09f4cf830b5dcf5b8ed1686292d6a_p032","2017-01-01 07:35:01.01","ostrich.jpg","duck.jpg","zebra.jpg","duck.jpg","UncertaintySampling","9.938","p032","middle","middle"
"178","c09f4cf830b5dcf5b8ed1686292d6a_p032","2017-01-01 07:35:01.01","squirrel.jpg","owl.jpg","pig.jpg","owl.jpg","UncertaintySampling","5.811","p032","middle","middle"
"179","c09f4cf830b5dcf5b8ed1686292d6a_p032","2017-01-01 07:35:01.01","zebra.jpg","giraffe.jpg","duck.jpg","duck.jpg","RandomSampling","15.073","p032","middle","middle"
"180","c09f4cf830b5dcf5b8ed1686292d6a_p032","2017-01-01 07:35:01.01","ostrich.jpg","zebra.jpg","duck.jpg","zebra.jpg","UncertaintySampling","6.282","p032","middle","middle"
"181","c09f4cf830b5dcf5b8ed1686292d6a_p032","2017-01-01 07:35:01.01","ostrich.jpg","duck.jpg","zebra.jpg","duck.jpg","UncertaintySampling","6.113","p032","middle","middle"
"182","c09f4cf830b5dcf5b8ed1686292d6a_p032","2017-01-01 07:35:01.01","rooster.jpg","swan.jpg","bird.jpg","bird.jpg","RandomSampling","5.446","p032","middle","middle"
"183","c09f4cf830b5dcf5b8ed1686292d6a_p032","2017-01-01 07:35:01.01","penguin.jpg","zebra.jpg","cow.jpg","zebra.jpg","UncertaintySampling","15.502","p032","middle","middle"
"184","c09f4cf830b5dcf5b8ed1686292d6a_p032","2017-01-01 07:35:01.01","penguin.jpg","cow.jpg","zebra.jpg","zebra.jpg","UncertaintySampling","10.409","p032","middle","middle"
"185","c09f4cf830b5dcf5b8ed1686292d6a_p032","2017-01-01 07:35:01.01","giraffe.jpg","zebra.jpg","monkey.jpg","monkey.jpg","RandomSampling","5.747","p032","middle","middle"
"186","c09f4cf830b5dcf5b8ed1686292d6a_p032","2017-01-01 07:35:01.01","peacock.jpg","raccoon.jpg","rooster.jpg","raccoon.jpg","UncertaintySampling","7.121","p032","middle","middle"
"187","c09f4cf830b5dcf5b8ed1686292d6a_p032","2017-01-01 07:35:01.01","peacock.jpg","rooster.jpg","raccoon.jpg","raccoon.jpg","UncertaintySampling","16.359","p032","middle","middle"
"188","c09f4cf830b5dcf5b8ed1686292d6a_p032","2017-01-01 07:35:01.01","elephant.jpg","zebra.jpg","penguin.jpg","penguin.jpg","UncertaintySampling","11.171","p032","middle","middle"
"189","c09f4cf830b5dcf5b8ed1686292d6a_p032","2017-01-01 07:35:01.01","pig.jpg","penguin.jpg","ostrich.jpg","ostrich.jpg","UncertaintySampling","12.083","p032","middle","middle"
"190","c09f4cf830b5dcf5b8ed1686292d6a_p032","2017-01-01 07:35:01.01","pig.jpg","penguin.jpg","ostrich.jpg","penguin.jpg","UncertaintySampling","12.054","p032","middle","middle"
"191","c09f4cf830b5dcf5b8ed1686292d6a_p032","2017-01-01 07:35:01.01","raccoon.jpg","monkey.jpg","elephant.jpg","elephant.jpg","UncertaintySampling","6.396","p032","middle","middle"
"192","c09f4cf830b5dcf5b8ed1686292d6a_p032","2017-01-01 07:35:01.01","raccoon.jpg","elephant.jpg","monkey.jpg","monkey.jpg","UncertaintySampling","4.344","p032","middle","middle"
"193","c09f4cf830b5dcf5b8ed1686292d6a_p032","2017-01-01 07:35:01.01","raccoon.jpg","elephant.jpg","monkey.jpg","monkey.jpg","UncertaintySampling","16.728","p032","middle","middle"
"194","c09f4cf830b5dcf5b8ed1686292d6a_p032","2017-01-01 07:35:01.01","raccoon.jpg","monkey.jpg","elephant.jpg","elephant.jpg","UncertaintySampling","4.997","p032","middle","middle"
"195","c09f4cf830b5dcf5b8ed1686292d6a_p032","2017-01-01 07:35:01.01","raccoon.jpg","monkey.jpg","elephant.jpg","monkey.jpg","UncertaintySampling","8.699","p032","middle","middle"
"196","c09f4cf830b5dcf5b8ed1686292d6a_p032","2017-01-01 07:35:01.01","raccoon.jpg","elephant.jpg","monkey.jpg","elephant.jpg","UncertaintySampling","5.669","p032","middle","middle"
"197","c09f4cf830b5dcf5b8ed1686292d6a_p032","2017-01-01 07:35:01.01","raccoon.jpg","monkey.jpg","elephant.jpg","elephant.jpg","UncertaintySampling","7.452","p032","middle","middle"
"198","c09f4cf830b5dcf5b8ed1686292d6a_p032","2017-01-01 07:35:01.01","raccoon.jpg","monkey.jpg","elephant.jpg","monkey.jpg","UncertaintySampling","7.814","p032","middle","middle"
"199","c09f4cf830b5dcf5b8ed1686292d6a_p202","2017-01-01 07:35:01.01","raccoon.jpg","monkey.jpg","elephant.jpg","elephant.jpg","UncertaintySampling","4.404","P202","middle","middle"
"200","c09f4cf830b5dcf5b8ed1686292d6a_p202","2017-01-01 07:35:01.01","rooster.jpg","swan.jpg","cow.jpg","cow.jpg","RandomSampling","3.855","P202","middle","middle"
"201","c09f4cf830b5dcf5b8ed1686292d6a_p202","2017-01-01 07:35:01.01","elephant.jpg","ostrich.jpg","pig.jpg","ostrich.jpg","RandomSampling","3.151","P202","middle","middle"
"202","c09f4cf830b5dcf5b8ed1686292d6a_p202","2017-01-01 07:35:01.01","raccoon.jpg","elephant.jpg","monkey.jpg","monkey.jpg","UncertaintySampling","7.642","P202","middle","middle"
"203","c09f4cf830b5dcf5b8ed1686292d6a_p202","2017-01-01 07:35:01.01","penguin.jpg","swan.jpg","raccoon.jpg","swan.jpg","RandomSampling","5.927","P202","middle","middle"
"204","c09f4cf830b5dcf5b8ed1686292d6a_p202","2017-01-01 07:35:01.01","raccoon.jpg","elephant.jpg","monkey.jpg","monkey.jpg","UncertaintySampling","4.17","P202","middle","middle"
"205","c09f4cf830b5dcf5b8ed1686292d6a_p202","2017-01-01 07:35:01.01","raccoon.jpg","monkey.jpg","elephant.jpg","monkey.jpg","UncertaintySampling","4.255","P202","middle","middle"
"206","c09f4cf830b5dcf5b8ed1686292d6a_p202","2017-01-01 07:35:01.01","raccoon.jpg","elephant.jpg","monkey.jpg","elephant.jpg","UncertaintySampling","3.763","P202","middle","middle"
"207","c09f4cf830b5dcf5b8ed1686292d6a_p202","2017-01-01 07:35:01.01","raccoon.jpg","elephant.jpg","monkey.jpg","monkey.jpg","UncertaintySampling","6.497","P202","middle","middle"
"208","c09f4cf830b5dcf5b8ed1686292d6a_p202","2017-01-01 07:35:01.01","zebra.jpg","pig.jpg","giraffe.jpg","giraffe.jpg","RandomSampling","3.703","P202","middle","middle"
"209","c09f4cf830b5dcf5b8ed1686292d6a_p202","2017-01-01 07:35:01.01","bird.jpg","owl.jpg","cow.jpg","owl.jpg","UncertaintySampling","3.967","P202","middle","middle"
"210","c09f4cf830b5dcf5b8ed1686292d6a_p202","2017-01-01 07:35:01.01","bird.jpg","cow.jpg","owl.jpg","owl.jpg","UncertaintySampling","1.759","P202","middle","middle"
"211","c09f4cf830b5dcf5b8ed1686292d6a_p202","2017-01-01 07:35:01.01","monkey.jpg","raccoon.jpg","ostrich.jpg","raccoon.jpg","UncertaintySampling","3.262","P202","middle","middle"
"212","c09f4cf830b5dcf5b8ed1686292d6a_p202","2017-01-01 07:35:01.01","swan.jpg","penguin.jpg","duck.jpg","duck.jpg","UncertaintySampling","2.018","P202","middle","middle"
"213","c09f4cf830b5dcf5b8ed1686292d6a_p202","2017-01-01 07:35:01.01","raccoon.jpg","zebra.jpg","giraffe.jpg","zebra.jpg","UncertaintySampling","2.934","P202","middle","middle"
"214","c09f4cf830b5dcf5b8ed1686292d6a_p202","2017-01-01 07:35:01.01","zebra.jpg","elephant.jpg","giraffe.jpg","elephant.jpg","UncertaintySampling","3.832","P202","middle","middle"
"215","c09f4cf830b5dcf5b8ed1686292d6a_p202","2017-01-01 07:35:01.01","peacock.jpg","raccoon.jpg","monkey.jpg","monkey.jpg","UncertaintySampling","6.788","P202","middle","middle"
"216","c09f4cf830b5dcf5b8ed1686292d6a_p202","2017-01-01 07:35:01.01","giraffe.jpg","peacock.jpg","monkey.jpg","monkey.jpg","UncertaintySampling","2.651","P202","middle","middle"
"217","c09f4cf830b5dcf5b8ed1686292d6a_p202","2017-01-01 07:35:01.01","rooster.jpg","peacock.jpg","swan.jpg","peacock.jpg","UncertaintySampling","2.697","P202","middle","middle"
"218","c09f4cf830b5dcf5b8ed1686292d6a_p202","2017-01-01 07:35:01.01","rooster.jpg","peacock.jpg","swan.jpg","swan.jpg","UncertaintySampling","1.41","P202","middle","middle"
"219","c09f4cf830b5dcf5b8ed1686292d6a_p202","2017-01-01 07:35:01.01","rooster.jpg","peacock.jpg","swan.jpg","swan.jpg","UncertaintySampling","4.57","P202","middle","middle"
"220","c09f4cf830b5dcf5b8ed1686292d6a_p202","2017-01-01 07:35:01.01","rooster.jpg","swan.jpg","peacock.jpg","swan.jpg","UncertaintySampling","0.843","P202","middle","middle"
"221","c09f4cf830b5dcf5b8ed1686292d6a_p202","2017-01-01 07:35:01.01","rooster.jpg","swan.jpg","peacock.jpg","peacock.jpg","UncertaintySampling","1.291","P202","middle","middle"
"222","c09f4cf830b5dcf5b8ed1686292d6a_p202","2017-01-01 07:35:01.01","cow.jpg","squirrel.jpg","monkey.jpg","squirrel.jpg","RandomSampling","0.402","P202","middle","middle"
"223","c09f4cf830b5dcf5b8ed1686292d6a_p037","2017-01-01 07:35:01.01","penguin.jpg","bird.jpg","monkey.jpg","bird.jpg","RandomSampling","8.994","p037","middle","middle"
"224","c09f4cf830b5dcf5b8ed1686292d6a_p037","2017-01-01 07:35:01.01","rooster.jpg","swan.jpg","peacock.jpg","peacock.jpg","UncertaintySampling","5.444","p037","middle","middle"
"225","c09f4cf830b5dcf5b8ed1686292d6a_p037","2017-01-01 07:35:01.01","elephant.jpg","zebra.jpg","owl.jpg","zebra.jpg","RandomSampling","2.532","p037","middle","middle"
"226","c09f4cf830b5dcf5b8ed1686292d6a_p037","2017-01-01 07:35:01.01","rooster.jpg","peacock.jpg","swan.jpg","swan.jpg","UncertaintySampling","2.786","p037","middle","middle"
"227","c09f4cf830b5dcf5b8ed1686292d6a_p037","2017-01-01 07:35:01.01","rooster.jpg","peacock.jpg","swan.jpg","peacock.jpg","UncertaintySampling","4.646","p037","middle","middle"
"228","c09f4cf830b5dcf5b8ed1686292d6a_p037","2017-01-01 07:35:01.01","rooster.jpg","peacock.jpg","swan.jpg","peacock.jpg","UncertaintySampling","8.6","p037","middle","middle"
"229","c09f4cf830b5dcf5b8ed1686292d6a_p037","2017-01-01 07:35:01.01","rooster.jpg","peacock.jpg","swan.jpg","peacock.jpg","UncertaintySampling","1.41","p037","middle","middle"
"230","c09f4cf830b5dcf5b8ed1686292d6a_p037","2017-01-01 07:35:01.01","rooster.jpg","peacock.jpg","swan.jpg","peacock.jpg","UncertaintySampling","3.639","p037","middle","middle"
"231","c09f4cf830b5dcf5b8ed1686292d6a_p037","2017-01-01 07:35:01.01","rooster.jpg","swan.jpg","peacock.jpg","peacock.jpg","UncertaintySampling","3.788","p037","middle","middle"
"232","c09f4cf830b5dcf5b8ed1686292d6a_p037","2017-01-01 07:35:01.01","rooster.jpg","swan.jpg","peacock.jpg","peacock.jpg","UncertaintySampling","4.438","p037","middle","middle"
"233","c09f4cf830b5dcf5b8ed1686292d6a_p037","2017-01-01 07:35:01.01","penguin.jpg","elephant.jpg","cow.jpg","cow.jpg","RandomSampling","3.244","p037","middle","middle"
"234","c09f4cf830b5dcf5b8ed1686292d6a_p037","2017-01-01 07:35:01.01","monkey.jpg","giraffe.jpg","duck.jpg","giraffe.jpg","UncertaintySampling","3.552","p037","middle","middle"
"235","c09f4cf830b5dcf5b8ed1686292d6a_p037","2017-01-01 07:35:01.01","monkey.jpg","duck.jpg","giraffe.jpg","duck.jpg","UncertaintySampling","3.156","p037","middle","middle"
"236","c09f4cf830b5dcf5b8ed1686292d6a_p037","2017-01-01 07:35:01.01","cow.jpg","swan.jpg","elephant.jpg","elephant.jpg","RandomSampling","3.645","p037","middle","middle"
"237","c09f4cf830b5dcf5b8ed1686292d6a_p037","2017-01-01 07:35:01.01","monkey.jpg","duck.jpg","giraffe.jpg","giraffe.jpg","UncertaintySampling","3.306","p037","middle","middle"
"238","c09f4cf830b5dcf5b8ed1686292d6a_p037","2017-01-01 07:35:01.01","monkey.jpg","duck.jpg","giraffe.jpg","giraffe.jpg","UncertaintySampling","2.908","p037","middle","middle"
"239","c09f4cf830b5dcf5b8ed1686292d6a_p037","2017-01-01 07:35:01.01","monkey.jpg","giraffe.jpg","duck.jpg","giraffe.jpg","UncertaintySampling","2.301","p037","middle","middle"
"240","c09f4cf830b5dcf5b8ed1686292d6a_p037","2017-01-01 07:35:01.01","duck.jpg","monkey.jpg","ostrich.jpg","ostrich.jpg","UncertaintySampling","3.106","p037","middle","middle"
"241","c09f4cf830b5dcf5b8ed1686292d6a_p037","2017-01-01 07:35:01.01","giraffe.jpg","monkey.jpg","penguin.jpg","monkey.jpg","UncertaintySampling","2.31","p037","middle","middle"
"242","c09f4cf830b5dcf5b8ed1686292d6a_p037","2017-01-01 07:35:01.01","giraffe.jpg","monkey.jpg","penguin.jpg","monkey.jpg","UncertaintySampling","3.076","p037","middle","middle"
"243","c09f4cf830b5dcf5b8ed1686292d6a_p037","2017-01-01 07:35:01.01","giraffe.jpg","monkey.jpg","penguin.jpg","monkey.jpg","UncertaintySampling","2.567","p037","middle","middle"
"244","c09f4cf830b5dcf5b8ed1686292d6a_p037","2017-01-01 07:35:01.01","giraffe.jpg","penguin.jpg","monkey.jpg","monkey.jpg","UncertaintySampling","2.565","p037","middle","middle"
"245","c09f4cf830b5dcf5b8ed1686292d6a_p037","2017-01-01 07:35:01.01","giraffe.jpg","monkey.jpg","penguin.jpg","monkey.jpg","UncertaintySampling","2.14","p037","middle","middle"
"246","c09f4cf830b5dcf5b8ed1686292d6a_p037","2017-01-01 07:35:01.01","giraffe.jpg","monkey.jpg","penguin.jpg","monkey.jpg","UncertaintySampling","3.434","p037","middle","middle"
"247","c09f4cf830b5dcf5b8ed1686292d6a_p037","2017-01-01 07:35:01.01","cow.jpg","rooster.jpg","giraffe.jpg","giraffe.jpg","UncertaintySampling","3.588","p037","middle","middle"
"248","c09f4cf830b5dcf5b8ed1686292d6a_p039","2017-01-01 07:35:01.01","cow.jpg","giraffe.jpg","rooster.jpg","rooster.jpg","UncertaintySampling","11.054","p039","middle","middle"
"249","c09f4cf830b5dcf5b8ed1686292d6a_p039","2017-01-01 07:35:01.01","cow.jpg","giraffe.jpg","rooster.jpg","rooster.jpg","UncertaintySampling","12.221","p039","middle","middle"
"250","c09f4cf830b5dcf5b8ed1686292d6a_p039","2017-01-01 07:35:01.01","peacock.jpg","bird.jpg","ostrich.jpg","ostrich.jpg","UncertaintySampling","5.694","p039","middle","middle"
"251","c09f4cf830b5dcf5b8ed1686292d6a_p039","2017-01-01 07:35:01.01","cow.jpg","rooster.jpg","giraffe.jpg","rooster.jpg","UncertaintySampling","3.148","p039","middle","middle"
"252","c09f4cf830b5dcf5b8ed1686292d6a_p039","2017-01-01 07:35:01.01","cow.jpg","giraffe.jpg","rooster.jpg","rooster.jpg","UncertaintySampling","5.201","p039","middle","middle"
"253","c09f4cf830b5dcf5b8ed1686292d6a_p039","2017-01-01 07:35:01.01","peacock.jpg","bird.jpg","monkey.jpg","bird.jpg","RandomSampling","16.612","p039","middle","middle"
"254","c09f4cf830b5dcf5b8ed1686292d6a_p039","2017-01-01 07:35:01.01","zebra.jpg","bird.jpg","penguin.jpg","penguin.jpg","UncertaintySampling","7.827","p039","middle","middle"
"255","c09f4cf830b5dcf5b8ed1686292d6a_p039","2017-01-01 07:35:01.01","zebra.jpg","penguin.jpg","bird.jpg","penguin.jpg","UncertaintySampling","4.022","p039","middle","middle"
"256","c09f4cf830b5dcf5b8ed1686292d6a_p039","2017-01-01 07:35:01.01","ostrich.jpg","pig.jpg","bird.jpg","bird.jpg","RandomSampling","4.954","p039","middle","middle"
"257","c09f4cf830b5dcf5b8ed1686292d6a_p039","2017-01-01 07:35:01.01","penguin.jpg","swan.jpg","monkey.jpg","swan.jpg","UncertaintySampling","3.758","p039","middle","middle"
"258","c09f4cf830b5dcf5b8ed1686292d6a_p039","2017-01-01 07:35:01.01","penguin.jpg","monkey.jpg","swan.jpg","swan.jpg","UncertaintySampling","4.162","p039","middle","middle"
"259","c09f4cf830b5dcf5b8ed1686292d6a_p039","2017-01-01 07:35:01.01","penguin.jpg","monkey.jpg","swan.jpg","swan.jpg","UncertaintySampling","6.339","p039","middle","middle"
"260","c09f4cf830b5dcf5b8ed1686292d6a_p039","2017-01-01 07:35:01.01","penguin.jpg","monkey.jpg","swan.jpg","swan.jpg","UncertaintySampling","3.899","p039","middle","middle"
"261","c09f4cf830b5dcf5b8ed1686292d6a_p039","2017-01-01 07:35:01.01","penguin.jpg","monkey.jpg","swan.jpg","swan.jpg","UncertaintySampling","5.469","p039","middle","middle"
"262","c09f4cf830b5dcf5b8ed1686292d6a_p039","2017-01-01 07:35:01.01","owl.jpg","raccoon.jpg","elephant.jpg","elephant.jpg","RandomSampling","5.408","p039","middle","middle"
"263","c09f4cf830b5dcf5b8ed1686292d6a_p039","2017-01-01 07:35:01.01","penguin.jpg","monkey.jpg","swan.jpg","swan.jpg","UncertaintySampling","2.859","p039","middle","middle"
"264","c09f4cf830b5dcf5b8ed1686292d6a_p039","2017-01-01 07:35:01.01","bird.jpg","rooster.jpg","monkey.jpg","rooster.jpg","UncertaintySampling","4.371","p039","middle","middle"
"265","c09f4cf830b5dcf5b8ed1686292d6a_p039","2017-01-01 07:35:01.01","ostrich.jpg","owl.jpg","monkey.jpg","owl.jpg","UncertaintySampling","3.954","p039","middle","middle"
"266","c09f4cf830b5dcf5b8ed1686292d6a_p039","2017-01-01 07:35:01.01","squirrel.jpg","peacock.jpg","elephant.jpg","elephant.jpg","UncertaintySampling","2.796","p039","middle","middle"
"267","c09f4cf830b5dcf5b8ed1686292d6a_p039","2017-01-01 07:35:01.01","squirrel.jpg","elephant.jpg","peacock.jpg","elephant.jpg","UncertaintySampling","3.788","p039","middle","middle"
"268","c09f4cf830b5dcf5b8ed1686292d6a_p039","2017-01-01 07:35:01.01","squirrel.jpg","peacock.jpg","elephant.jpg","elephant.jpg","UncertaintySampling","3.459","p039","middle","middle"
"269","c09f4cf830b5dcf5b8ed1686292d6a_p039","2017-01-01 07:35:01.01","squirrel.jpg","elephant.jpg","peacock.jpg","elephant.jpg","UncertaintySampling","8.839","p039","middle","middle"
"270","c09f4cf830b5dcf5b8ed1686292d6a_p039","2017-01-01 07:35:01.01","bird.jpg","duck.jpg","monkey.jpg","duck.jpg","UncertaintySampling","4.476","p039","middle","middle"
"271","c09f4cf830b5dcf5b8ed1686292d6a_p039","2017-01-01 07:35:01.01","elephant.jpg","bird.jpg","penguin.jpg","penguin.jpg","RandomSampling","5.527","p039","middle","middle"
"272","c09f4cf830b5dcf5b8ed1686292d6a_p044","2017-01-01 07:35:01.01","rooster.jpg","elephant.jpg","swan.jpg","swan.jpg","UncertaintySampling","6.393","P044","middle","middle"
"273","c09f4cf830b5dcf5b8ed1686292d6a_p044","2017-01-01 07:35:01.01","rooster.jpg","swan.jpg","elephant.jpg","swan.jpg","UncertaintySampling","2.775","P044","middle","middle"
"274","c09f4cf830b5dcf5b8ed1686292d6a_p044","2017-01-01 07:35:01.01","rooster.jpg","swan.jpg","elephant.jpg","swan.jpg","UncertaintySampling","7.194","P044","middle","middle"
"275","c09f4cf830b5dcf5b8ed1686292d6a_p044","2017-01-01 07:35:01.01","peacock.jpg","raccoon.jpg","duck.jpg","duck.jpg","RandomSampling","2.462","P044","middle","middle"
"276","c09f4cf830b5dcf5b8ed1686292d6a_p044","2017-01-01 07:35:01.01","pig.jpg","duck.jpg","ostrich.jpg","ostrich.jpg","RandomSampling","8.681","P044","middle","middle"
"277","c09f4cf830b5dcf5b8ed1686292d6a_p044","2017-01-01 07:35:01.01","owl.jpg","zebra.jpg","monkey.jpg","monkey.jpg","RandomSampling","3.319","P044","middle","middle"
"278","c09f4cf830b5dcf5b8ed1686292d6a_p044","2017-01-01 07:35:01.01","duck.jpg","zebra.jpg","penguin.jpg","penguin.jpg","UncertaintySampling","1.549","P044","middle","middle"
"279","c09f4cf830b5dcf5b8ed1686292d6a_p044","2017-01-01 07:35:01.01","duck.jpg","zebra.jpg","penguin.jpg","penguin.jpg","UncertaintySampling","43.102","P044","middle","middle"
"280","c09f4cf830b5dcf5b8ed1686292d6a_p044","2017-01-01 07:35:01.01","cow.jpg","rooster.jpg","owl.jpg","rooster.jpg","UncertaintySampling","5.519","P044","middle","middle"
"281","c09f4cf830b5dcf5b8ed1686292d6a_p044","2017-01-01 07:35:01.01","cow.jpg","rooster.jpg","owl.jpg","rooster.jpg","UncertaintySampling","2.44","P044","middle","middle"
"282","c09f4cf830b5dcf5b8ed1686292d6a_p044","2017-01-01 07:35:01.01","cow.jpg","rooster.jpg","owl.jpg","rooster.jpg","UncertaintySampling","3.1","P044","middle","middle"
"283","c09f4cf830b5dcf5b8ed1686292d6a_p044","2017-01-01 07:35:01.01","cow.jpg","rooster.jpg","owl.jpg","rooster.jpg","UncertaintySampling","1.842","P044","middle","middle"
"284","c09f4cf830b5dcf5b8ed1686292d6a_p044","2017-01-01 07:35:01.01","cow.jpg","rooster.jpg","owl.jpg","rooster.jpg","UncertaintySampling","1.051","P044","middle","middle"
"285","c09f4cf830b5dcf5b8ed1686292d6a_p044","2017-01-01 07:35:01.01","cow.jpg","rooster.jpg","owl.jpg","rooster.jpg","UncertaintySampling","3.959","P044","middle","middle"
"286","c09f4cf830b5dcf5b8ed1686292d6a_p044","2017-01-01 07:35:01.01","swan.jpg","monkey.jpg","pig.jpg","pig.jpg","RandomSampling","8.394","P044","middle","middle"
"287","c09f4cf830b5dcf5b8ed1686292d6a_p044","2017-01-01 07:35:01.01","cow.jpg","owl.jpg","rooster.jpg","rooster.jpg","UncertaintySampling","4.239","P044","middle","middle"
"288","c09f4cf830b5dcf5b8ed1686292d6a_p044","2017-01-01 07:35:01.01","duck.jpg","giraffe.jpg","peacock.jpg","peacock.jpg","RandomSampling","1.785","P044","middle","middle"
"289","c09f4cf830b5dcf5b8ed1686292d6a_p044","2017-01-01 07:35:01.01","cow.jpg","rooster.jpg","owl.jpg","rooster.jpg","UncertaintySampling","9.14","P044","middle","middle"
"290","c09f4cf830b5dcf5b8ed1686292d6a_p044","2017-01-01 07:35:01.01","rooster.jpg","owl.jpg","cow.jpg","owl.jpg","RandomSampling","2.349","P044","middle","middle"
"291","c09f4cf830b5dcf5b8ed1686292d6a_p044","2017-01-01 07:35:01.01","squirrel.jpg","giraffe.jpg","rooster.jpg","giraffe.jpg","RandomSampling","3.875","P044","middle","middle"
"292","c09f4cf830b5dcf5b8ed1686292d6a_p044","2017-01-01 07:35:01.01","cow.jpg","rooster.jpg","owl.jpg","rooster.jpg","UncertaintySampling","2.103","P044","middle","middle"
"293","c09f4cf830b5dcf5b8ed1686292d6a_p044","2017-01-01 07:35:01.01","cow.jpg","rooster.jpg","owl.jpg","rooster.jpg","UncertaintySampling","2.109","P044","middle","middle"
"294","c09f4cf830b5dcf5b8ed1686292d6a_p044","2017-01-01 07:35:01.01","ostrich.jpg","peacock.jpg","owl.jpg","peacock.jpg","UncertaintySampling","2.452","P044","middle","middle"
"295","c09f4cf830b5dcf5b8ed1686292d6a_p044","2017-01-01 07:35:01.01","bird.jpg","penguin.jpg","ostrich.jpg","penguin.jpg","UncertaintySampling","3.212","P044","middle","middle"
"296","c09f4cf830b5dcf5b8ed1686292d6a_p044","2017-01-01 07:35:01.01","elephant.jpg","duck.jpg","swan.jpg","duck.jpg","RandomSampling","4.431","P044","middle","middle"
"297","c09f4cf830b5dcf5b8ed1686292d6a_p045","2017-01-01 07:35:01.01","penguin.jpg","raccoon.jpg","swan.jpg","swan.jpg","UncertaintySampling","3.952","p045","middle","middle"
"298","c09f4cf830b5dcf5b8ed1686292d6a_p045","2017-01-01 07:35:01.01","penguin.jpg","swan.jpg","raccoon.jpg","swan.jpg","UncertaintySampling","4.278","p045","middle","middle"
"299","c09f4cf830b5dcf5b8ed1686292d6a_p045","2017-01-01 07:35:01.01","owl.jpg","giraffe.jpg","swan.jpg","swan.jpg","UncertaintySampling","3.018","p045","middle","middle"
"300","c09f4cf830b5dcf5b8ed1686292d6a_p045","2017-01-01 07:35:01.01","penguin.jpg","duck.jpg","peacock.jpg","duck.jpg","UncertaintySampling","10.438","p045","middle","middle"
"301","c09f4cf830b5dcf5b8ed1686292d6a_p045","2017-01-01 07:35:01.01","swan.jpg","duck.jpg","bird.jpg","duck.jpg","UncertaintySampling","4.009","p045","middle","middle"
"302","c09f4cf830b5dcf5b8ed1686292d6a_p045","2017-01-01 07:35:01.01","penguin.jpg","monkey.jpg","rooster.jpg","rooster.jpg","UncertaintySampling","3.773","p045","middle","middle"
"303","c09f4cf830b5dcf5b8ed1686292d6a_p045","2017-01-01 07:35:01.01","penguin.jpg","monkey.jpg","rooster.jpg","rooster.jpg","UncertaintySampling","4.535","p045","middle","middle"
"304","c09f4cf830b5dcf5b8ed1686292d6a_p045","2017-01-01 07:35:01.01","penguin.jpg","monkey.jpg","rooster.jpg","rooster.jpg","UncertaintySampling","3.462","p045","middle","middle"
"305","c09f4cf830b5dcf5b8ed1686292d6a_p045","2017-01-01 07:35:01.01","bird.jpg","monkey.jpg","rooster.jpg","rooster.jpg","RandomSampling","3.924","p045","middle","middle"
"306","c09f4cf830b5dcf5b8ed1686292d6a_p045","2017-01-01 07:35:01.01","penguin.jpg","rooster.jpg","monkey.jpg","rooster.jpg","UncertaintySampling","3.107","p045","middle","middle"
"307","c09f4cf830b5dcf5b8ed1686292d6a_p045","2017-01-01 07:35:01.01","giraffe.jpg","elephant.jpg","bird.jpg","elephant.jpg","RandomSampling","3.722","p045","middle","middle"
"308","c09f4cf830b5dcf5b8ed1686292d6a_p045","2017-01-01 07:35:01.01","peacock.jpg","monkey.jpg","owl.jpg","owl.jpg","RandomSampling","2.985","p045","middle","middle"
"309","c09f4cf830b5dcf5b8ed1686292d6a_p045","2017-01-01 07:35:01.01","squirrel.jpg","zebra.jpg","rooster.jpg","zebra.jpg","RandomSampling","3.429","p045","middle","middle"
"310","c09f4cf830b5dcf5b8ed1686292d6a_p045","2017-01-01 07:35:01.01","duck.jpg","bird.jpg","pig.jpg","bird.jpg","RandomSampling","3.156","p045","middle","middle"
"311","c09f4cf830b5dcf5b8ed1686292d6a_p045","2017-01-01 07:35:01.01","ostrich.jpg","zebra.jpg","giraffe.jpg","giraffe.jpg","RandomSampling","4.691","p045","middle","middle"
"312","c09f4cf830b5dcf5b8ed1686292d6a_p045","2017-01-01 07:35:01.01","penguin.jpg","rooster.jpg","monkey.jpg","rooster.jpg","UncertaintySampling","2.117","p045","middle","middle"
"313","c09f4cf830b5dcf5b8ed1686292d6a_p045","2017-01-01 07:35:01.01","penguin.jpg","rooster.jpg","monkey.jpg","rooster.jpg","UncertaintySampling","2.916","p045","middle","middle"
"314","c09f4cf830b5dcf5b8ed1686292d6a_p045","2017-01-01 07:35:01.01","swan.jpg","squirrel.jpg","bird.jpg","bird.jpg","UncertaintySampling","2.231","p045","middle","middle"
"315","c09f4cf830b5dcf5b8ed1686292d6a_p045","2017-01-01 07:35:01.01","swan.jpg","squirrel.jpg","bird.jpg","bird.jpg","UncertaintySampling","2.22","p045","middle","middle"
"316","c09f4cf830b5dcf5b8ed1686292d6a_p045","2017-01-01 07:35:01.01","raccoon.jpg","bird.jpg","owl.jpg","owl.jpg","UncertaintySampling","4.662","p045","middle","middle"
"317","c09f4cf830b5dcf5b8ed1686292d6a_p045","2017-01-01 07:35:01.01","peacock.jpg","penguin.jpg","monkey.jpg","penguin.jpg","RandomSampling","3.737","p045","middle","middle"
"318","c09f4cf830b5dcf5b8ed1686292d6a_p045","2017-01-01 07:35:01.01","swan.jpg","squirrel.jpg","bird.jpg","bird.jpg","UncertaintySampling","24.397","p045","middle","middle"
"319","c09f4cf830b5dcf5b8ed1686292d6a_p045","2017-01-01 07:35:01.01","swan.jpg","bird.jpg","squirrel.jpg","bird.jpg","UncertaintySampling","3.073","p045","middle","middle"
"320","c09f4cf830b5dcf5b8ed1686292d6a_p045","2017-01-01 07:35:01.01","swan.jpg","squirrel.jpg","bird.jpg","bird.jpg","UncertaintySampling","1.75","p045","middle","middle"
"321","c09f4cf830b5dcf5b8ed1686292d6a_p045","2017-01-01 07:35:01.01","cow.jpg","duck.jpg","squirrel.jpg","squirrel.jpg","RandomSampling","4.996","p045","middle","middle"
"322","c09f4cf830b5dcf5b8ed1686292d6a_p048","2017-01-01 07:35:01.01","swan.jpg","bird.jpg","squirrel.jpg","bird.jpg","UncertaintySampling","13.794","P048","middle","middle"
"323","c09f4cf830b5dcf5b8ed1686292d6a_p048","2017-01-01 07:35:01.01","peacock.jpg","ostrich.jpg","duck.jpg","ostrich.jpg","RandomSampling","6.62","P048","middle","middle"
"324","c09f4cf830b5dcf5b8ed1686292d6a_p048","2017-01-01 07:35:01.01","swan.jpg","squirrel.jpg","bird.jpg","bird.jpg","UncertaintySampling","5.019","P048","middle","middle"
"325","c09f4cf830b5dcf5b8ed1686292d6a_p048","2017-01-01 07:35:01.01","swan.jpg","bird.jpg","squirrel.jpg","squirrel.jpg","UncertaintySampling","7.718","P048","middle","middle"
"326","c09f4cf830b5dcf5b8ed1686292d6a_p048","2017-01-01 07:35:01.01","swan.jpg","peacock.jpg","zebra.jpg","peacock.jpg","UncertaintySampling","6.053","P048","middle","middle"
"327","c09f4cf830b5dcf5b8ed1686292d6a_p048","2017-01-01 07:35:01.01","swan.jpg","zebra.jpg","peacock.jpg","peacock.jpg","UncertaintySampling","3.24","P048","middle","middle"
"328","c09f4cf830b5dcf5b8ed1686292d6a_p048","2017-01-01 07:35:01.01","swan.jpg","zebra.jpg","peacock.jpg","peacock.jpg","UncertaintySampling","2.764","P048","middle","middle"
"329","c09f4cf830b5dcf5b8ed1686292d6a_p048","2017-01-01 07:35:01.01","swan.jpg","peacock.jpg","zebra.jpg","peacock.jpg","UncertaintySampling","3.042","P048","middle","middle"
"330","c09f4cf830b5dcf5b8ed1686292d6a_p048","2017-01-01 07:35:01.01","zebra.jpg","cow.jpg","bird.jpg","cow.jpg","RandomSampling","2.795","P048","middle","middle"
"331","c09f4cf830b5dcf5b8ed1686292d6a_p048","2017-01-01 07:35:01.01","swan.jpg","peacock.jpg","zebra.jpg","peacock.jpg","UncertaintySampling","3.837","P048","middle","middle"
"332","c09f4cf830b5dcf5b8ed1686292d6a_p048","2017-01-01 07:35:01.01","swan.jpg","zebra.jpg","peacock.jpg","peacock.jpg","UncertaintySampling","4.579","P048","middle","middle"
"333","c09f4cf830b5dcf5b8ed1686292d6a_p048","2017-01-01 07:35:01.01","zebra.jpg","giraffe.jpg","rooster.jpg","giraffe.jpg","UncertaintySampling","1.889","P048","middle","middle"
"334","c09f4cf830b5dcf5b8ed1686292d6a_p048","2017-01-01 07:35:01.01","penguin.jpg","peacock.jpg","ostrich.jpg","ostrich.jpg","RandomSampling","5.021","P048","middle","middle"
"335","c09f4cf830b5dcf5b8ed1686292d6a_p048","2017-01-01 07:35:01.01","zebra.jpg","rooster.jpg","giraffe.jpg","giraffe.jpg","UncertaintySampling","3.157","P048","middle","middle"
"336","c09f4cf830b5dcf5b8ed1686292d6a_p048","2017-01-01 07:35:01.01","peacock.jpg","penguin.jpg","cow.jpg","cow.jpg","RandomSampling","5.291","P048","middle","middle"
"337","c09f4cf830b5dcf5b8ed1686292d6a_p048","2017-01-01 07:35:01.01","zebra.jpg","rooster.jpg","giraffe.jpg","giraffe.jpg","UncertaintySampling","2.382","P048","middle","middle"
"338","c09f4cf830b5dcf5b8ed1686292d6a_p048","2017-01-01 07:35:01.01","zebra.jpg","rooster.jpg","giraffe.jpg","giraffe.jpg","UncertaintySampling","2.987","P048","middle","middle"
"339","c09f4cf830b5dcf5b8ed1686292d6a_p048","2017-01-01 07:35:01.01","monkey.jpg","duck.jpg","elephant.jpg","elephant.jpg","RandomSampling","6.397","P048","middle","middle"
"340","c09f4cf830b5dcf5b8ed1686292d6a_p048","2017-01-01 07:35:01.01","swan.jpg","penguin.jpg","pig.jpg","pig.jpg","RandomSampling","4.061","P048","middle","middle"
"341","c09f4cf830b5dcf5b8ed1686292d6a_p048","2017-01-01 07:35:01.01","cow.jpg","raccoon.jpg","giraffe.jpg","giraffe.jpg","UncertaintySampling","0.23","P048","middle","middle"
"342","c09f4cf830b5dcf5b8ed1686292d6a_p048","2017-01-01 07:35:01.01","cow.jpg","giraffe.jpg","raccoon.jpg","giraffe.jpg","UncertaintySampling","9.329","P048","middle","middle"
"343","c09f4cf830b5dcf5b8ed1686292d6a_p049","2017-01-01 07:35:01.01","squirrel.jpg","elephant.jpg","raccoon.jpg","raccoon.jpg","UncertaintySampling","5.65","p049","middle","middle"
"344","c09f4cf830b5dcf5b8ed1686292d6a_p049","2017-01-01 07:35:01.01","raccoon.jpg","swan.jpg","owl.jpg","swan.jpg","RandomSampling","6.284","p049","middle","middle"
"345","c09f4cf830b5dcf5b8ed1686292d6a_p049","2017-01-01 07:35:01.01","swan.jpg","rooster.jpg","monkey.jpg","rooster.jpg","UncertaintySampling","2.801","p049","middle","middle"
"346","c09f4cf830b5dcf5b8ed1686292d6a_p049","2017-01-01 07:35:01.01","swan.jpg","rooster.jpg","monkey.jpg","rooster.jpg","UncertaintySampling","3.705","p049","middle","middle"
"347","c09f4cf830b5dcf5b8ed1686292d6a_p049","2017-01-01 07:35:01.01","monkey.jpg","peacock.jpg","rooster.jpg","rooster.jpg","RandomSampling","6.974","p049","middle","middle"
"348","c09f4cf830b5dcf5b8ed1686292d6a_p049","2017-01-01 07:35:01.01","duck.jpg","monkey.jpg","ostrich.jpg","ostrich.jpg","RandomSampling","4.802","p049","middle","middle"
"349","c09f4cf830b5dcf5b8ed1686292d6a_p049","2017-01-01 07:35:01.01","swan.jpg","rooster.jpg","monkey.jpg","rooster.jpg","UncertaintySampling","3.468","p049","middle","middle"
"350","c09f4cf830b5dcf5b8ed1686292d6a_p049","2017-01-01 07:35:01.01","pig.jpg","owl.jpg","raccoon.jpg","raccoon.jpg","UncertaintySampling","2.541","p049","middle","middle"
"351","c09f4cf830b5dcf5b8ed1686292d6a_p049","2017-01-01 07:35:01.01","swan.jpg","monkey.jpg","rooster.jpg","rooster.jpg","UncertaintySampling","44.004","p049","middle","middle"
"352","c09f4cf830b5dcf5b8ed1686292d6a_p049","2017-01-01 07:35:01.01","swan.jpg","monkey.jpg","rooster.jpg","rooster.jpg","UncertaintySampling","3.308","p049","middle","middle"
"353","c09f4cf830b5dcf5b8ed1686292d6a_p049","2017-01-01 07:35:01.01","swan.jpg","rooster.jpg","monkey.jpg","rooster.jpg","UncertaintySampling","12.444","p049","middle","middle"
"354","c09f4cf830b5dcf5b8ed1686292d6a_p049","2017-01-01 07:35:01.01","monkey.jpg","rooster.jpg","ostrich.jpg","ostrich.jpg","UncertaintySampling","3.322","p049","middle","middle"
"355","c09f4cf830b5dcf5b8ed1686292d6a_p049","2017-01-01 07:35:01.01","monkey.jpg","rooster.jpg","ostrich.jpg","rooster.jpg","UncertaintySampling","5.645","p049","middle","middle"
"356","c09f4cf830b5dcf5b8ed1686292d6a_p049","2017-01-01 07:35:01.01","cow.jpg","rooster.jpg","giraffe.jpg","giraffe.jpg","UncertaintySampling","2.711","p049","middle","middle"
"357","c09f4cf830b5dcf5b8ed1686292d6a_p049","2017-01-01 07:35:01.01","cow.jpg","rooster.jpg","giraffe.jpg","rooster.jpg","UncertaintySampling","5.395","p049","middle","middle"
"358","c09f4cf830b5dcf5b8ed1686292d6a_p049","2017-01-01 07:35:01.01","raccoon.jpg","elephant.jpg","squirrel.jpg","squirrel.jpg","UncertaintySampling","1.723","p049","middle","middle"
"359","c09f4cf830b5dcf5b8ed1686292d6a_p049","2017-01-01 07:35:01.01","raccoon.jpg","bird.jpg","penguin.jpg","penguin.jpg","UncertaintySampling","3.618","p049","middle","middle"
"360","c09f4cf830b5dcf5b8ed1686292d6a_p049","2017-01-01 07:35:01.01","raccoon.jpg","penguin.jpg","bird.jpg","bird.jpg","UncertaintySampling","4.723","p049","middle","middle"
"361","c09f4cf830b5dcf5b8ed1686292d6a_p049","2017-01-01 07:35:01.01","raccoon.jpg","penguin.jpg","bird.jpg","bird.jpg","UncertaintySampling","5.279","p049","middle","middle"
"362","c09f4cf830b5dcf5b8ed1686292d6a_p049","2017-01-01 07:35:01.01","swan.jpg","penguin.jpg","ostrich.jpg","ostrich.jpg","RandomSampling","3.866","p049","middle","middle"
"363","c09f4cf830b5dcf5b8ed1686292d6a_p049","2017-01-01 07:35:01.01","raccoon.jpg","bird.jpg","penguin.jpg","bird.jpg","UncertaintySampling","2.329","p049","middle","middle"
"364","c09f4cf830b5dcf5b8ed1686292d6a_p049","2017-01-01 07:35:01.01","ostrich.jpg","rooster.jpg","raccoon.jpg","rooster.jpg","RandomSampling","2.258","p049","middle","middle"
"365","c09f4cf830b5dcf5b8ed1686292d6a_p049","2017-01-01 07:35:01.01","raccoon.jpg","bird.jpg","penguin.jpg","bird.jpg","UncertaintySampling","2.55","p049","middle","middle"
"366","c09f4cf830b5dcf5b8ed1686292d6a_p049","2017-01-01 07:35:01.01","raccoon.jpg","bird.jpg","penguin.jpg","bird.jpg","UncertaintySampling","3.11","p049","middle","middle"
"367","c09f4cf830b5dcf5b8ed1686292d6a_p051","2017-01-01 07:35:01.01","peacock.jpg","pig.jpg","swan.jpg","swan.jpg","RandomSampling","6.09","p051","middle","middle"
"368","c09f4cf830b5dcf5b8ed1686292d6a_p051","2017-01-01 07:35:01.01","cow.jpg","rooster.jpg","giraffe.jpg","rooster.jpg","UncertaintySampling","4.062","p051","middle","middle"
"369","c09f4cf830b5dcf5b8ed1686292d6a_p051","2017-01-01 07:35:01.01","cow.jpg","rooster.jpg","giraffe.jpg","rooster.jpg","UncertaintySampling","3.872","p051","middle","middle"
"370","c09f4cf830b5dcf5b8ed1686292d6a_p051","2017-01-01 07:35:01.01","penguin.jpg","squirrel.jpg","zebra.jpg","zebra.jpg","UncertaintySampling","2.798","p051","middle","middle"
"371","c09f4cf830b5dcf5b8ed1686292d6a_p051","2017-01-01 07:35:01.01","monkey.jpg","rooster.jpg","ostrich.jpg","rooster.jpg","UncertaintySampling","3.902","p051","middle","middle"
"372","c09f4cf830b5dcf5b8ed1686292d6a_p051","2017-01-01 07:35:01.01","cow.jpg","penguin.jpg","ostrich.jpg","ostrich.jpg","UncertaintySampling","3.119","p051","middle","middle"
"373","c09f4cf830b5dcf5b8ed1686292d6a_p051","2017-01-01 07:35:01.01","cow.jpg","ostrich.jpg","penguin.jpg","ostrich.jpg","UncertaintySampling","2.826","p051","middle","middle"
"374","c09f4cf830b5dcf5b8ed1686292d6a_p051","2017-01-01 07:35:01.01","penguin.jpg","squirrel.jpg","zebra.jpg","zebra.jpg","UncertaintySampling","3.046","p051","middle","middle"
"375","c09f4cf830b5dcf5b8ed1686292d6a_p051","2017-01-01 07:35:01.01","giraffe.jpg","raccoon.jpg","rooster.jpg","raccoon.jpg","UncertaintySampling","4","p051","middle","middle"
"376","c09f4cf830b5dcf5b8ed1686292d6a_p051","2017-01-01 07:35:01.01","penguin.jpg","zebra.jpg","squirrel.jpg","squirrel.jpg","UncertaintySampling","3.508","p051","middle","middle"
"377","c09f4cf830b5dcf5b8ed1686292d6a_p051","2017-01-01 07:35:01.01","penguin.jpg","zebra.jpg","squirrel.jpg","squirrel.jpg","UncertaintySampling","3.26","p051","middle","middle"
"378","c09f4cf830b5dcf5b8ed1686292d6a_p051","2017-01-01 07:35:01.01","penguin.jpg","squirrel.jpg","zebra.jpg","squirrel.jpg","UncertaintySampling","2.075","p051","middle","middle"
"379","c09f4cf830b5dcf5b8ed1686292d6a_p051","2017-01-01 07:35:01.01","penguin.jpg","zebra.jpg","squirrel.jpg","squirrel.jpg","UncertaintySampling","2.205","p051","middle","middle"
"380","c09f4cf830b5dcf5b8ed1686292d6a_p051","2017-01-01 07:35:01.01","penguin.jpg","squirrel.jpg","zebra.jpg","squirrel.jpg","UncertaintySampling","1.702","p051","middle","middle"
"381","c09f4cf830b5dcf5b8ed1686292d6a_p051","2017-01-01 07:35:01.01","cow.jpg","duck.jpg","rooster.jpg","rooster.jpg","RandomSampling","3.197","p051","middle","middle"
"382","c09f4cf830b5dcf5b8ed1686292d6a_p051","2017-01-01 07:35:01.01","monkey.jpg","cow.jpg","swan.jpg","cow.jpg","RandomSampling","3.185","p051","middle","middle"
"383","c09f4cf830b5dcf5b8ed1686292d6a_p051","2017-01-01 07:35:01.01","ostrich.jpg","squirrel.jpg","raccoon.jpg","raccoon.jpg","RandomSampling","2.817","p051","middle","middle"
"384","c09f4cf830b5dcf5b8ed1686292d6a_p051","2017-01-01 07:35:01.01","giraffe.jpg","raccoon.jpg","rooster.jpg","raccoon.jpg","UncertaintySampling","3.453","p051","middle","middle"
"385","c09f4cf830b5dcf5b8ed1686292d6a_p051","2017-01-01 07:35:01.01","giraffe.jpg","raccoon.jpg","rooster.jpg","raccoon.jpg","UncertaintySampling","3.413","p051","middle","middle"
"386","c09f4cf830b5dcf5b8ed1686292d6a_p051","2017-01-01 07:35:01.01","giraffe.jpg","raccoon.jpg","rooster.jpg","raccoon.jpg","UncertaintySampling","4.259","p051","middle","middle"
"387","c09f4cf830b5dcf5b8ed1686292d6a_p051","2017-01-01 07:35:01.01","pig.jpg","monkey.jpg","zebra.jpg","zebra.jpg","RandomSampling","4.178","p051","middle","middle"
"388","c09f4cf830b5dcf5b8ed1686292d6a_p051","2017-01-01 07:35:01.01","giraffe.jpg","rooster.jpg","raccoon.jpg","raccoon.jpg","UncertaintySampling","2.24","p051","middle","middle"
"389","c09f4cf830b5dcf5b8ed1686292d6a_p051","2017-01-01 07:35:01.01","giraffe.jpg","raccoon.jpg","rooster.jpg","raccoon.jpg","UncertaintySampling","2.508","p051","middle","middle"
"390","c09f4cf830b5dcf5b8ed1686292d6a_p051","2017-01-01 07:35:01.01","giraffe.jpg","rooster.jpg","raccoon.jpg","raccoon.jpg","UncertaintySampling","0.887","p051","middle","middle"
"391","c09f4cf830b5dcf5b8ed1686292d6a_p053","2017-01-01 07:35:01.01","monkey.jpg","penguin.jpg","squirrel.jpg","squirrel.jpg","RandomSampling","19.101","p053","middle","middle"
"392","c09f4cf830b5dcf5b8ed1686292d6a_p053","2017-01-01 07:35:01.01","swan.jpg","penguin.jpg","bird.jpg","penguin.jpg","UncertaintySampling","5.233","p053","middle","middle"
"393","c09f4cf830b5dcf5b8ed1686292d6a_p053","2017-01-01 07:35:01.01","elephant.jpg","duck.jpg","monkey.jpg","monkey.jpg","RandomSampling","4.029","p053","middle","middle"
"394","c09f4cf830b5dcf5b8ed1686292d6a_p053","2017-01-01 07:35:01.01","raccoon.jpg","elephant.jpg","squirrel.jpg","elephant.jpg","UncertaintySampling","8.225","p053","middle","middle"
"395","c09f4cf830b5dcf5b8ed1686292d6a_p053","2017-01-01 07:35:01.01","raccoon.jpg","elephant.jpg","squirrel.jpg","elephant.jpg","UncertaintySampling","20.31","p053","middle","middle"
"396","c09f4cf830b5dcf5b8ed1686292d6a_p053","2017-01-01 07:35:01.01","rooster.jpg","giraffe.jpg","zebra.jpg","zebra.jpg","RandomSampling","7.467","p053","middle","middle"
"397","c09f4cf830b5dcf5b8ed1686292d6a_p053","2017-01-01 07:35:01.01","swan.jpg","owl.jpg","giraffe.jpg","owl.jpg","RandomSampling","6.073","p053","middle","middle"
"398","c09f4cf830b5dcf5b8ed1686292d6a_p053","2017-01-01 07:35:01.01","bird.jpg","ostrich.jpg","penguin.jpg","penguin.jpg","UncertaintySampling","6.32","p053","middle","middle"
"399","c09f4cf830b5dcf5b8ed1686292d6a_p053","2017-01-01 07:35:01.01","bird.jpg","ostrich.jpg","penguin.jpg","penguin.jpg","UncertaintySampling","3.976","p053","middle","middle"
"400","c09f4cf830b5dcf5b8ed1686292d6a_p053","2017-01-01 07:35:01.01","owl.jpg","elephant.jpg","zebra.jpg","elephant.jpg","UncertaintySampling","8.782","p053","middle","middle"
"401","c09f4cf830b5dcf5b8ed1686292d6a_p053","2017-01-01 07:35:01.01","giraffe.jpg","ostrich.jpg","squirrel.jpg","ostrich.jpg","UncertaintySampling","5.2","p053","middle","middle"
"402","c09f4cf830b5dcf5b8ed1686292d6a_p053","2017-01-01 07:35:01.01","bird.jpg","owl.jpg","zebra.jpg","owl.jpg","RandomSampling","4.092","p053","middle","middle"
"403","c09f4cf830b5dcf5b8ed1686292d6a_p053","2017-01-01 07:35:01.01","ostrich.jpg","cow.jpg","duck.jpg","duck.jpg","UncertaintySampling","3.318","p053","middle","middle"
"404","c09f4cf830b5dcf5b8ed1686292d6a_p053","2017-01-01 07:35:01.01","cow.jpg","owl.jpg","penguin.jpg","owl.jpg","RandomSampling","4.231","p053","middle","middle"
"405","c09f4cf830b5dcf5b8ed1686292d6a_p053","2017-01-01 07:35:01.01","ostrich.jpg","cow.jpg","duck.jpg","duck.jpg","UncertaintySampling","2.6","p053","middle","middle"
"406","c09f4cf830b5dcf5b8ed1686292d6a_p053","2017-01-01 07:35:01.01","ostrich.jpg","duck.jpg","cow.jpg","duck.jpg","UncertaintySampling","4.131","p053","middle","middle"
"407","c09f4cf830b5dcf5b8ed1686292d6a_p053","2017-01-01 07:35:01.01","ostrich.jpg","cow.jpg","duck.jpg","duck.jpg","UncertaintySampling","4.17","p053","middle","middle"
"408","c09f4cf830b5dcf5b8ed1686292d6a_p053","2017-01-01 07:35:01.01","raccoon.jpg","ostrich.jpg","giraffe.jpg","ostrich.jpg","RandomSampling","7.192","p053","middle","middle"
"409","c09f4cf830b5dcf5b8ed1686292d6a_p053","2017-01-01 07:35:01.01","pig.jpg","monkey.jpg","zebra.jpg","monkey.jpg","UncertaintySampling","6.923","p053","middle","middle"
"410","c09f4cf830b5dcf5b8ed1686292d6a_p053","2017-01-01 07:35:01.01","pig.jpg","zebra.jpg","monkey.jpg","monkey.jpg","UncertaintySampling","8.364","p053","middle","middle"
"411","c09f4cf830b5dcf5b8ed1686292d6a_p053","2017-01-01 07:35:01.01","bird.jpg","rooster.jpg","raccoon.jpg","rooster.jpg","UncertaintySampling","7.766","p053","middle","middle"
"412","c09f4cf830b5dcf5b8ed1686292d6a_p053","2017-01-01 07:35:01.01","pig.jpg","monkey.jpg","zebra.jpg","monkey.jpg","UncertaintySampling","4.54","p053","middle","middle"
"413","c09f4cf830b5dcf5b8ed1686292d6a_p053","2017-01-01 07:35:01.01","bird.jpg","raccoon.jpg","rooster.jpg","rooster.jpg","UncertaintySampling","3.106","p053","middle","middle"
"414","c09f4cf830b5dcf5b8ed1686292d6a_p053","2017-01-01 07:35:01.01","peacock.jpg","swan.jpg","penguin.jpg","swan.jpg","UncertaintySampling","4.171","p053","middle","middle"
"415","c09f4cf830b5dcf5b8ed1686292d6a_p053","2017-01-01 07:35:01.01","zebra.jpg","penguin.jpg","ostrich.jpg","ostrich.jpg","RandomSampling","5.11","p053","middle","middle"
"416","c09f4cf830b5dcf5b8ed1686292d6a_p055","2017-01-01 07:35:01.01","peacock.jpg","swan.jpg","penguin.jpg","swan.jpg","UncertaintySampling","10.525","p055","middle","middle"
"417","c09f4cf830b5dcf5b8ed1686292d6a_p055","2017-01-01 07:35:01.01","peacock.jpg","swan.jpg","penguin.jpg","penguin.jpg","UncertaintySampling","8.236","p055","middle","middle"
"418","c09f4cf830b5dcf5b8ed1686292d6a_p055","2017-01-01 07:35:01.01","swan.jpg","rooster.jpg","giraffe.jpg","rooster.jpg","RandomSampling","5.861","p055","middle","middle"
"419","c09f4cf830b5dcf5b8ed1686292d6a_p055","2017-01-01 07:35:01.01","monkey.jpg","owl.jpg","elephant.jpg","elephant.jpg","RandomSampling","4.329","p055","middle","middle"
"420","c09f4cf830b5dcf5b8ed1686292d6a_p055","2017-01-01 07:35:01.01","peacock.jpg","penguin.jpg","swan.jpg","swan.jpg","UncertaintySampling","5.319","p055","middle","middle"
"421","c09f4cf830b5dcf5b8ed1686292d6a_p055","2017-01-01 07:35:01.01","peacock.jpg","swan.jpg","penguin.jpg","penguin.jpg","UncertaintySampling","4.087","p055","middle","middle"
"422","c09f4cf830b5dcf5b8ed1686292d6a_p055","2017-01-01 07:35:01.01","peacock.jpg","penguin.jpg","swan.jpg","swan.jpg","UncertaintySampling","4.407","p055","middle","middle"
"423","c09f4cf830b5dcf5b8ed1686292d6a_p055","2017-01-01 07:35:01.01","ostrich.jpg","pig.jpg","elephant.jpg","pig.jpg","RandomSampling","4.051","p055","middle","middle"
"424","c09f4cf830b5dcf5b8ed1686292d6a_p055","2017-01-01 07:35:01.01","peacock.jpg","swan.jpg","penguin.jpg","penguin.jpg","UncertaintySampling","5.186","p055","middle","middle"
"425","c09f4cf830b5dcf5b8ed1686292d6a_p055","2017-01-01 07:35:01.01","peacock.jpg","penguin.jpg","swan.jpg","swan.jpg","UncertaintySampling","3.711","p055","middle","middle"
"426","c09f4cf830b5dcf5b8ed1686292d6a_p055","2017-01-01 07:35:01.01","peacock.jpg","swan.jpg","penguin.jpg","penguin.jpg","UncertaintySampling","4.984","p055","middle","middle"
"427","c09f4cf830b5dcf5b8ed1686292d6a_p055","2017-01-01 07:35:01.01","peacock.jpg","swan.jpg","penguin.jpg","swan.jpg","UncertaintySampling","7.936","p055","middle","middle"
"428","c09f4cf830b5dcf5b8ed1686292d6a_p055","2017-01-01 07:35:01.01","peacock.jpg","penguin.jpg","swan.jpg","swan.jpg","UncertaintySampling","3.118","p055","middle","middle"
"429","c09f4cf830b5dcf5b8ed1686292d6a_p055","2017-01-01 07:35:01.01","peacock.jpg","swan.jpg","penguin.jpg","swan.jpg","UncertaintySampling","3.462","p055","middle","middle"
"430","c09f4cf830b5dcf5b8ed1686292d6a_p055","2017-01-01 07:35:01.01","peacock.jpg","penguin.jpg","swan.jpg","swan.jpg","UncertaintySampling","2.855","p055","middle","middle"
"431","c09f4cf830b5dcf5b8ed1686292d6a_p055","2017-01-01 07:35:01.01","monkey.jpg","cow.jpg","rooster.jpg","cow.jpg","UncertaintySampling","4.131","p055","middle","middle"
"432","c09f4cf830b5dcf5b8ed1686292d6a_p055","2017-01-01 07:35:01.01","peacock.jpg","swan.jpg","penguin.jpg","swan.jpg","UncertaintySampling","3.524","p055","middle","middle"
"433","c09f4cf830b5dcf5b8ed1686292d6a_p055","2017-01-01 07:35:01.01","peacock.jpg","swan.jpg","penguin.jpg","penguin.jpg","UncertaintySampling","6.566","p055","middle","middle"
"434","c09f4cf830b5dcf5b8ed1686292d6a_p055","2017-01-01 07:35:01.01","peacock.jpg","penguin.jpg","swan.jpg","swan.jpg","UncertaintySampling","6.065","p055","middle","middle"
"435","c09f4cf830b5dcf5b8ed1686292d6a_p055","2017-01-01 07:35:01.01","peacock.jpg","swan.jpg","penguin.jpg","swan.jpg","UncertaintySampling","2.632","p055","middle","middle"
"436","c09f4cf830b5dcf5b8ed1686292d6a_p055","2017-01-01 07:35:01.01","peacock.jpg","swan.jpg","penguin.jpg","swan.jpg","UncertaintySampling","4.288","p055","middle","middle"
"437","c09f4cf830b5dcf5b8ed1686292d6a_p055","2017-01-01 07:35:01.01","peacock.jpg","swan.jpg","penguin.jpg","penguin.jpg","UncertaintySampling","3.919","p055","middle","middle"
"438","c09f4cf830b5dcf5b8ed1686292d6a_p055","2017-01-01 07:35:01.01","peacock.jpg","swan.jpg","penguin.jpg","swan.jpg","UncertaintySampling","5.365","p055","middle","middle"
"439","c09f4cf830b5dcf5b8ed1686292d6a_p055","2017-01-01 07:35:01.01","peacock.jpg","swan.jpg","penguin.jpg","penguin.jpg","UncertaintySampling","9.535","p055","middle","middle"
"440","c09f4cf830b5dcf5b8ed1686292d6a_p055","2017-01-01 07:35:01.01","monkey.jpg","cow.jpg","rooster.jpg","cow.jpg","UncertaintySampling","4.188","p055","middle","middle"
"441","c09f4cf830b5dcf5b8ed1686292d6a_p59","2017-01-01 07:35:01.01","peacock.jpg","swan.jpg","penguin.jpg","swan.jpg","UncertaintySampling","6.742","p59","middle","middle"
"442","c09f4cf830b5dcf5b8ed1686292d6a_p59","2017-01-01 07:35:01.01","peacock.jpg","swan.jpg","penguin.jpg","swan.jpg","UncertaintySampling","14.044","p59","middle","middle"
"443","c09f4cf830b5dcf5b8ed1686292d6a_p59","2017-01-01 07:35:01.01","peacock.jpg","zebra.jpg","penguin.jpg","penguin.jpg","RandomSampling","3.288","p59","middle","middle"
"444","c09f4cf830b5dcf5b8ed1686292d6a_p59","2017-01-01 07:35:01.01","peacock.jpg","swan.jpg","penguin.jpg","swan.jpg","UncertaintySampling","1.785","p59","middle","middle"
"445","c09f4cf830b5dcf5b8ed1686292d6a_p59","2017-01-01 07:35:01.01","peacock.jpg","swan.jpg","penguin.jpg","swan.jpg","UncertaintySampling","4.199","p59","middle","middle"
"446","c09f4cf830b5dcf5b8ed1686292d6a_p59","2017-01-01 07:35:01.01","peacock.jpg","swan.jpg","penguin.jpg","swan.jpg","UncertaintySampling","2.227","p59","middle","middle"
"447","c09f4cf830b5dcf5b8ed1686292d6a_p59","2017-01-01 07:35:01.01","peacock.jpg","swan.jpg","penguin.jpg","swan.jpg","UncertaintySampling","2.735","p59","middle","middle"
"448","c09f4cf830b5dcf5b8ed1686292d6a_p59","2017-01-01 07:35:01.01","peacock.jpg","swan.jpg","penguin.jpg","swan.jpg","UncertaintySampling","2.869","p59","middle","middle"
"449","c09f4cf830b5dcf5b8ed1686292d6a_p59","2017-01-01 07:35:01.01","peacock.jpg","swan.jpg","penguin.jpg","swan.jpg","UncertaintySampling","2.956","p59","middle","middle"
"450","c09f4cf830b5dcf5b8ed1686292d6a_p59","2017-01-01 07:35:01.01","cow.jpg","giraffe.jpg","bird.jpg","giraffe.jpg","RandomSampling","4.485","p59","middle","middle"
"451","c09f4cf830b5dcf5b8ed1686292d6a_p59","2017-01-01 07:35:01.01","peacock.jpg","penguin.jpg","swan.jpg","swan.jpg","UncertaintySampling","2.538","p59","middle","middle"
"452","c09f4cf830b5dcf5b8ed1686292d6a_p59","2017-01-01 07:35:01.01","peacock.jpg","swan.jpg","penguin.jpg","swan.jpg","UncertaintySampling","2.573","p59","middle","middle"
"453","c09f4cf830b5dcf5b8ed1686292d6a_p59","2017-01-01 07:35:01.01","peacock.jpg","swan.jpg","penguin.jpg","swan.jpg","UncertaintySampling","2.851","p59","middle","middle"
"454","c09f4cf830b5dcf5b8ed1686292d6a_p59","2017-01-01 07:35:01.01","peacock.jpg","swan.jpg","penguin.jpg","swan.jpg","UncertaintySampling","2.198","p59","middle","middle"
"455","c09f4cf830b5dcf5b8ed1686292d6a_p59","2017-01-01 07:35:01.01","peacock.jpg","swan.jpg","penguin.jpg","swan.jpg","UncertaintySampling","2.102","p59","middle","middle"
"456","c09f4cf830b5dcf5b8ed1686292d6a_p59","2017-01-01 07:35:01.01","peacock.jpg","swan.jpg","penguin.jpg","swan.jpg","UncertaintySampling","2.162","p59","middle","middle"
"457","c09f4cf830b5dcf5b8ed1686292d6a_p59","2017-01-01 07:35:01.01","raccoon.jpg","giraffe.jpg","elephant.jpg","elephant.jpg","UncertaintySampling","4.067","p59","middle","middle"
"458","c09f4cf830b5dcf5b8ed1686292d6a_p59","2017-01-01 07:35:01.01","raccoon.jpg","elephant.jpg","giraffe.jpg","elephant.jpg","UncertaintySampling","2.07","p59","middle","middle"
"459","c09f4cf830b5dcf5b8ed1686292d6a_p59","2017-01-01 07:35:01.01","raccoon.jpg","elephant.jpg","giraffe.jpg","elephant.jpg","UncertaintySampling","3.462","p59","middle","middle"
"460","c09f4cf830b5dcf5b8ed1686292d6a_p59","2017-01-01 07:35:01.01","raccoon.jpg","elephant.jpg","giraffe.jpg","elephant.jpg","UncertaintySampling","3.69","p59","middle","middle"
"461","c09f4cf830b5dcf5b8ed1686292d6a_p59","2017-01-01 07:35:01.01","raccoon.jpg","elephant.jpg","giraffe.jpg","elephant.jpg","UncertaintySampling","2.523","p59","middle","middle"
"462","c09f4cf830b5dcf5b8ed1686292d6a_p59","2017-01-01 07:35:01.01","penguin.jpg","duck.jpg","squirrel.jpg","duck.jpg","UncertaintySampling","3.897","p59","middle","middle"
"463","c09f4cf830b5dcf5b8ed1686292d6a_p59","2017-01-01 07:35:01.01","raccoon.jpg","giraffe.jpg","elephant.jpg","elephant.jpg","UncertaintySampling","2.768","p59","middle","middle"
"464","c09f4cf830b5dcf5b8ed1686292d6a_p59","2017-01-01 07:35:01.01","raccoon.jpg","elephant.jpg","giraffe.jpg","elephant.jpg","UncertaintySampling","1.689","p59","middle","middle"
"465","c09f4cf830b5dcf5b8ed1686292d6a_p59","2017-01-01 07:35:01.01","raccoon.jpg","giraffe.jpg","elephant.jpg","elephant.jpg","UncertaintySampling","1.374","p59","middle","middle"
"466","c09f4cf830b5dcf5b8ed1686292d6a_p063","2017-01-01 07:35:01.01","penguin.jpg","squirrel.jpg","duck.jpg","duck.jpg","UncertaintySampling","8.612","p063","middle","middle"
"467","c09f4cf830b5dcf5b8ed1686292d6a_p063","2017-01-01 07:35:01.01","raccoon.jpg","giraffe.jpg","elephant.jpg","elephant.jpg","UncertaintySampling","16.414","p063","middle","middle"
"468","c09f4cf830b5dcf5b8ed1686292d6a_p063","2017-01-01 07:35:01.01","swan.jpg","giraffe.jpg","bird.jpg","bird.jpg","RandomSampling","2.84","p063","middle","middle"
"469","c09f4cf830b5dcf5b8ed1686292d6a_p063","2017-01-01 07:35:01.01","rooster.jpg","bird.jpg","ostrich.jpg","ostrich.jpg","RandomSampling","2.172","p063","middle","middle"
"470","c09f4cf830b5dcf5b8ed1686292d6a_p063","2017-01-01 07:35:01.01","raccoon.jpg","bird.jpg","cow.jpg","cow.jpg","UncertaintySampling","3.692","p063","middle","middle"
"471","c09f4cf830b5dcf5b8ed1686292d6a_p063","2017-01-01 07:35:01.01","bird.jpg","squirrel.jpg","owl.jpg","owl.jpg","UncertaintySampling","2.985","p063","middle","middle"
"472","c09f4cf830b5dcf5b8ed1686292d6a_p063","2017-01-01 07:35:01.01","giraffe.jpg","ostrich.jpg","raccoon.jpg","raccoon.jpg","RandomSampling","5.185","p063","middle","middle"
"473","c09f4cf830b5dcf5b8ed1686292d6a_p063","2017-01-01 07:35:01.01","bird.jpg","zebra.jpg","monkey.jpg","monkey.jpg","UncertaintySampling","10.999","p063","middle","middle"
"474","c09f4cf830b5dcf5b8ed1686292d6a_p063","2017-01-01 07:35:01.01","bird.jpg","zebra.jpg","monkey.jpg","zebra.jpg","UncertaintySampling","2.359","p063","middle","middle"
"475","c09f4cf830b5dcf5b8ed1686292d6a_p063","2017-01-01 07:35:01.01","bird.jpg","zebra.jpg","monkey.jpg","monkey.jpg","UncertaintySampling","6.219","p063","middle","middle"
"476","c09f4cf830b5dcf5b8ed1686292d6a_p063","2017-01-01 07:35:01.01","bird.jpg","monkey.jpg","zebra.jpg","zebra.jpg","UncertaintySampling","5.893","p063","middle","middle"
"477","c09f4cf830b5dcf5b8ed1686292d6a_p063","2017-01-01 07:35:01.01","bird.jpg","monkey.jpg","zebra.jpg","zebra.jpg","UncertaintySampling","1.532","p063","middle","middle"
"478","c09f4cf830b5dcf5b8ed1686292d6a_p063","2017-01-01 07:35:01.01","bird.jpg","monkey.jpg","zebra.jpg","zebra.jpg","UncertaintySampling","2.764","p063","middle","middle"
"479","c09f4cf830b5dcf5b8ed1686292d6a_p063","2017-01-01 07:35:01.01","bird.jpg","monkey.jpg","zebra.jpg","zebra.jpg","UncertaintySampling","0.05","p063","middle","middle"
"480","c09f4cf830b5dcf5b8ed1686292d6a_p063","2017-01-01 07:35:01.01","bird.jpg","zebra.jpg","monkey.jpg","zebra.jpg","UncertaintySampling","3.185","p063","middle","middle"
"481","c09f4cf830b5dcf5b8ed1686292d6a_p063","2017-01-01 07:35:01.01","bird.jpg","zebra.jpg","monkey.jpg","zebra.jpg","UncertaintySampling","2.18","p063","middle","middle"
"482","c09f4cf830b5dcf5b8ed1686292d6a_p063","2017-01-01 07:35:01.01","bird.jpg","monkey.jpg","zebra.jpg","monkey.jpg","UncertaintySampling","3.812","p063","middle","middle"
"483","c09f4cf830b5dcf5b8ed1686292d6a_p063","2017-01-01 07:35:01.01","bird.jpg","monkey.jpg","zebra.jpg","monkey.jpg","UncertaintySampling","6.111","p063","middle","middle"
"484","c09f4cf830b5dcf5b8ed1686292d6a_p063","2017-01-01 07:35:01.01","bird.jpg","zebra.jpg","monkey.jpg","monkey.jpg","UncertaintySampling","4.257","p063","middle","middle"
"485","c09f4cf830b5dcf5b8ed1686292d6a_p063","2017-01-01 07:35:01.01","bird.jpg","zebra.jpg","monkey.jpg","monkey.jpg","UncertaintySampling","1.522","p063","middle","middle"
"486","c09f4cf830b5dcf5b8ed1686292d6a_p063","2017-01-01 07:35:01.01","bird.jpg","monkey.jpg","zebra.jpg","zebra.jpg","UncertaintySampling","3.189","p063","middle","middle"
"487","c09f4cf830b5dcf5b8ed1686292d6a_p063","2017-01-01 07:35:01.01","rooster.jpg","cow.jpg","ostrich.jpg","ostrich.jpg","UncertaintySampling","2.654","p063","middle","middle"
"488","c09f4cf830b5dcf5b8ed1686292d6a_p063","2017-01-01 07:35:01.01","bird.jpg","zebra.jpg","monkey.jpg","monkey.jpg","UncertaintySampling","3.782","p063","middle","middle"
"489","c09f4cf830b5dcf5b8ed1686292d6a_p063","2017-01-01 07:35:01.01","bird.jpg","monkey.jpg","zebra.jpg","monkey.jpg","UncertaintySampling","2.545","p063","middle","middle"
"490","c09f4cf830b5dcf5b8ed1686292d6a_p063","2017-01-01 07:35:01.01","owl.jpg","penguin.jpg","zebra.jpg","penguin.jpg","RandomSampling","3.304","p063","middle","middle"
"491","68094e6fd0315b0f0c68e3ed9341ee_p001","2017-01-01 07:35:01.01","zebra.jpg","bird.jpg","rooster.jpg","rooster.jpg","RandomSampling","31.811","p001","middle","middle"
"492","68094e6fd0315b0f0c68e3ed9341ee_p001","2017-01-01 07:35:01.01","swan.jpg","elephant.jpg","pig.jpg","pig.jpg","RandomSampling","8.577","p001","middle","middle"
"493","68094e6fd0315b0f0c68e3ed9341ee_p001","2017-01-01 07:35:01.01","cow.jpg","ostrich.jpg","zebra.jpg","ostrich.jpg","UncertaintySampling","4.244","p001","middle","middle"
"494","68094e6fd0315b0f0c68e3ed9341ee_p001","2017-01-01 07:35:01.01","rooster.jpg","elephant.jpg","duck.jpg","elephant.jpg","UncertaintySampling","6.061","p001","middle","middle"
"495","68094e6fd0315b0f0c68e3ed9341ee_p001","2017-01-01 07:35:01.01","swan.jpg","giraffe.jpg","pig.jpg","giraffe.jpg","RandomSampling","7.87","p001","middle","middle"
"496","68094e6fd0315b0f0c68e3ed9341ee_p001","2017-01-01 07:35:01.01","elephant.jpg","zebra.jpg","owl.jpg","owl.jpg","RandomSampling","5.311","p001","middle","middle"
"497","68094e6fd0315b0f0c68e3ed9341ee_p001","2017-01-01 07:35:01.01","giraffe.jpg","pig.jpg","zebra.jpg","pig.jpg","UncertaintySampling","4.379","p001","middle","middle"
"498","68094e6fd0315b0f0c68e3ed9341ee_p001","2017-01-01 07:35:01.01","elephant.jpg","duck.jpg","giraffe.jpg","giraffe.jpg","UncertaintySampling","3.686","p001","middle","middle"
"499","68094e6fd0315b0f0c68e3ed9341ee_p001","2017-01-01 07:35:01.01","penguin.jpg","peacock.jpg","pig.jpg","peacock.jpg","RandomSampling","4.639","p001","middle","middle"
"500","68094e6fd0315b0f0c68e3ed9341ee_p001","2017-01-01 07:35:01.01","peacock.jpg","cow.jpg","owl.jpg","owl.jpg","RandomSampling","4.457","p001","middle","middle"
"501","68094e6fd0315b0f0c68e3ed9341ee_p001","2017-01-01 07:35:01.01","swan.jpg","raccoon.jpg","giraffe.jpg","raccoon.jpg","RandomSampling","4.501","p001","middle","middle"
"502","68094e6fd0315b0f0c68e3ed9341ee_p003","2017-01-01 07:35:01.01","raccoon.jpg","monkey.jpg","giraffe.jpg","giraffe.jpg","RandomSampling","13.256","p003","middle","middle"
"503","68094e6fd0315b0f0c68e3ed9341ee_p003","2017-01-01 07:35:01.01","ostrich.jpg","giraffe.jpg","owl.jpg","owl.jpg","RandomSampling","7.879","p003","middle","middle"
"504","68094e6fd0315b0f0c68e3ed9341ee_p003","2017-01-01 07:35:01.01","ostrich.jpg","raccoon.jpg","cow.jpg","cow.jpg","UncertaintySampling","5.404","p003","middle","middle"
"505","68094e6fd0315b0f0c68e3ed9341ee_p003","2017-01-01 07:35:01.01","bird.jpg","swan.jpg","penguin.jpg","penguin.jpg","RandomSampling","2.188","p003","middle","middle"
"506","68094e6fd0315b0f0c68e3ed9341ee_p003","2017-01-01 07:35:01.01","monkey.jpg","raccoon.jpg","rooster.jpg","rooster.jpg","UncertaintySampling","2.223","p003","middle","middle"
"507","68094e6fd0315b0f0c68e3ed9341ee_p003","2017-01-01 07:35:01.01","bird.jpg","monkey.jpg","elephant.jpg","monkey.jpg","UncertaintySampling","3.967","p003","middle","middle"
"508","68094e6fd0315b0f0c68e3ed9341ee_p003","2017-01-01 07:35:01.01","cow.jpg","rooster.jpg","squirrel.jpg","rooster.jpg","RandomSampling","5.297","p003","middle","middle"
"509","68094e6fd0315b0f0c68e3ed9341ee_p003","2017-01-01 07:35:01.01","owl.jpg","penguin.jpg","pig.jpg","penguin.jpg","UncertaintySampling","2.964","p003","middle","middle"
"510","68094e6fd0315b0f0c68e3ed9341ee_p003","2017-01-01 07:35:01.01","squirrel.jpg","giraffe.jpg","duck.jpg","duck.jpg","RandomSampling","6.035","p003","middle","middle"
"511","68094e6fd0315b0f0c68e3ed9341ee_p009","2017-01-01 07:35:01.01","monkey.jpg","cow.jpg","duck.jpg","duck.jpg","RandomSampling","3.541","p009","middle","middle"
"512","68094e6fd0315b0f0c68e3ed9341ee_p009","2017-01-01 07:35:01.01","ostrich.jpg","elephant.jpg","rooster.jpg","rooster.jpg","UncertaintySampling","2.698","p009","middle","middle"
"513","68094e6fd0315b0f0c68e3ed9341ee_p009","2017-01-01 07:35:01.01","elephant.jpg","penguin.jpg","monkey.jpg","monkey.jpg","RandomSampling","3.135","p009","middle","middle"
"514","68094e6fd0315b0f0c68e3ed9341ee_p009","2017-01-01 07:35:01.01","duck.jpg","swan.jpg","giraffe.jpg","swan.jpg","UncertaintySampling","3.182","p009","middle","middle"
"515","68094e6fd0315b0f0c68e3ed9341ee_p009","2017-01-01 07:35:01.01","bird.jpg","ostrich.jpg","peacock.jpg","ostrich.jpg","UncertaintySampling","4.482","p009","middle","middle"
"516","68094e6fd0315b0f0c68e3ed9341ee_p009","2017-01-01 07:35:01.01","raccoon.jpg","penguin.jpg","monkey.jpg","monkey.jpg","UncertaintySampling","2.775","p009","middle","middle"
"517","68094e6fd0315b0f0c68e3ed9341ee_p009","2017-01-01 07:35:01.01","swan.jpg","monkey.jpg","cow.jpg","cow.jpg","UncertaintySampling","3.663","p009","middle","middle"
"518","68094e6fd0315b0f0c68e3ed9341ee_p009","2017-01-01 07:35:01.01","rooster.jpg","giraffe.jpg","raccoon.jpg","raccoon.jpg","UncertaintySampling","2.393","p009","middle","middle"
"519","68094e6fd0315b0f0c68e3ed9341ee_p009","2017-01-01 07:35:01.01","giraffe.jpg","cow.jpg","rooster.jpg","cow.jpg","UncertaintySampling","4.276","p009","middle","middle"
"520","68094e6fd0315b0f0c68e3ed9341ee_p009","2017-01-01 07:35:01.01","monkey.jpg","duck.jpg","owl.jpg","duck.jpg","RandomSampling","3.016","p009","middle","middle"
"521","68094e6fd0315b0f0c68e3ed9341ee_7smvlvhkmxzrayo8mtwfkuo23ewp9n","2017-01-01 07:35:01.01","peacock.jpg","ostrich.jpg","swan.jpg","ostrich.jpg","RandomSampling","3.125","7smVlvhKMXzrayO8MtwFKuo23EWP9N","middle","middle"
